-0.000480416441474435	0.00123563666425038	-0.0599853515625
-0.00169298133022314	-0.00155090957989988	-0.0599560546875
0.00265782254281079	-0.00131136471391335	-0.0599267578125
0.000306541236849173	0.00349287928660189	-0.0598974609375
-0.00381685336063811	-0.00111110854958872	-0.0598681640625
0.00267366989476417	-0.00348732892205016	-0.0598388671875
0.00247987574672173	0.00408234189099101	-0.0598095703125
-0.00505177287057589	0.000893587489754295	-0.0597802734375
0.00106209133940565	-0.00535656249980669	-0.0597509765625
0.00487052036425229	0.00309822637730908	-0.0597216796875
-0.00489075130781635	0.00359165502394747	-0.0596923828125
-0.00164835806884982	-0.00613180985446772	-0.0596630859375
0.00658029413112713	0.000714794513905378	-0.0596337890625
-0.00317003900785801	0.00610371720830102	-0.0596044921875
-0.00470469240123556	-0.00535368778387706	-0.0595751953125
0.00692082721890246	-0.00252747500027867	-0.0595458984375
-0.000157060488367707	0.00759930723511139	-0.0595166015625
-0.00723477307102243	-0.00298640915270316	-0.0594873046875
0.00555673589537743	-0.0058196213929871	-0.0594580078125
0.00350098629700647	0.00748140436383708	-0.0594287109375
-0.00844922508701319	0.000565866115493955	-0.0593994140625
0.00259514119737346	-0.00827371907356132	-0.0593701171875
0.0069257849848104	0.00554080743066946	-0.0593408203125
-0.00784165828661115	0.00454440126297303	-0.0593115234375
-0.00142308319004302	-0.00914289057282413	-0.0592822265625
0.00921861511189741	0.0020266866721025	-0.0592529296875
-0.00533043124314099	0.00800923337481933	-0.0592236328125
-0.00563599236363264	-0.00801661917490601	-0.0591943359375
0.00968433958959255	-0.00238992038492913	-0.0591650390625
-0.00130401308443391	0.0100629789729065	-0.0591357421875
-0.00905506674746503	-0.0049430647092062	-0.0591064453125
0.00801571488645167	-0.0067556529923249	-0.0590771484375
0.00344478735087101	0.0100739597954451	-0.0590478515625
-0.0107986475343217	-0.000446557978385933	-0.0590185546875
0.00439296669347191	-0.0100483484394429	-0.0589892578125
0.00788436939027002	0.00784600060962574	-0.0589599609375
-0.0103107967908853	0.00456774590907149	-0.0589306640625
-0.000527935983925561	-0.0114171023924713	-0.0589013671875
0.0109745500829392	0.00369304584281261	-0.0588720703125
-0.00751374598403529	0.0090039788688356	-0.0588427734375
-0.00573981334762507	-0.0103937249033582	-0.0588134765625
0.011910173047868	-0.0016024969383905	-0.0587841796875
-0.0028558183251338	0.0118198158777208	-0.0587548828125
-0.0100970766173673	-0.007025282918169	-0.0587255859375
0.0103220967119175	-0.0069426198053231	-0.0586962890625
0.00276044421835784	0.0122704513115512	-0.0586669921875
-0.0125711471238932	-0.00189392408185978	-0.0586376953125
0.00638748052489193	-0.0111470052092647	-0.0586083984375
0.00815825419776664	0.0100961254238907	-0.0585791015625
-0.012491556094614	0.00398514709775121	-0.0585498046875
0.000820402993056623	-0.0132165466100684	-0.0585205078125
0.0121378920060147	0.00560801397245102	-0.0584912109375
-0.00971711704166932	0.00936921771266763	-0.0584619140625
-0.00525992106906449	-0.012568312494774	-0.0584326171875
0.0137451393696229	-0.000351169738400277	-0.0584033203125
-0.00469551020335304	0.013054714537224	-0.0583740234375
-0.0105584417136608	-0.00918761073001762	-0.0583447265625
0.0124968767624973	-0.00656800818705327	-0.0583154296875
0.00160663612607702	0.0141472768447499	-0.0582861328125
-0.0138833816392152	-0.00365961484464024	-0.0582568359375
0.0085114585650799	-0.0117093453198701	-0.0582275390625
0.00789261109909941	0.0122748236778973	-0.0581982421875
-0.0144146273572314	0.00293126583297044	-0.0581689453125
0.00251100549657518	-0.0146108223916408	-0.0581396484375
0.0128059175528012	0.00769386228844213	-0.0581103515625
-0.0119012054142597	0.00921696241042724	-0.0580810546875
-0.0043098064047939	-0.0145402539053499	-0.0580517578125
0.0152250773794346	0.00126136653931941	-0.0580224609375
-0.00674137756588173	0.0138328142665976	-0.0579931640625
-0.0105244176463522	-0.011376587092578	-0.0579638671875
0.0145186794484132	-0.00572656177651291	-0.0579345703125
7.66649322705562e-05	0.0157153883380754	-0.0579052734375
-0.0147754631739486	-0.0056618923455183	-0.0578759765625
0.0107030621525507	-0.0117985638825415	-0.0578466796875
0.00716549129396393	0.0143459394683289	-0.0578173828125
-0.0160722832298397	0.00148957559725204	-0.0577880859375
0.00446458369936902	-0.0156201721637426	-0.0577587890625
0.0130233383985562	0.00988424952791399	-0.0577294921875
-0.0140196214667585	0.00861032373538624	-0.0577001953125
-0.00296307023681084	-0.0162876544715096	-0.0576708984375
0.0163542373034185	0.00315985625202694	-0.0576416015625
-0.00892527399135309	0.0141831531322884	-0.0576123046875
-0.0100446821960234	-0.0135388910493605	-0.0575830078125
0.0163548285155445	-0.00448218044592438	-0.0575537109375
-0.00175926454929521	0.0169660477133493	-0.0575244140625
-0.0152630216316854	-0.00783273070303997	-0.0574951171875
0.012904504306946	-0.0114522165716281	-0.0574658203125
0.00603138496838065	0.0162686253499398	-0.0574365234375
-0.0174451850526472	-0.000275421278571308	-0.0574072265625
0.00661463483498607	-0.0162486858168929	-0.0573779296875
0.0128167409461437	0.0121188062966817	-0.0573486328125
-0.0160254067704254	0.00759473933235536	-0.0573193359375
-0.00127810700286577	-0.0177825157586448	-0.0572900390625
0.0171267402977096	0.00528035708181444	-0.0572607421875
-0.0111857155383927	0.0141223735730394	-0.0572314453125
-0.00915601274333121	-0.0156231125188988	-0.0572021484375
0.0179702744917624	-0.00288691511878231	-0.0571728515625
-0.00384054586680015	0.0178847523080892	-0.0571435546875
-0.015353677409456	-0.0101106945623752	-0.0571142578125
0.0150612835905562	-0.0106988303738746	-0.0570849609375
0.00453588406625577	0.0180021374876605	-0.0570556640625
-0.0185113755642869	-0.00230703708560274	-0.0570263671875
0.00890070667049185	-0.0164957993609826	-0.0569970703125
0.0122068193131869	0.0143410721994165	-0.0569677734375
-0.0178732847308024	0.00620931394546148	-0.0569384765625
0.000692752283809956	-0.0189964565529762	-0.0569091796875
0.0175346065499013	0.00756415919824707	-0.0568798828125
-0.0134652380643615	0.0136637565271413	-0.0568505859375
-0.00789106363365656	-0.0175804500512757	-0.0568212890625
0.0193311319273097	-0.000988413771598645	-0.0567919921875
-0.00611083368973574	0.0184568180485337	-0.0567626953125
-0.0150537172470338	-0.0124381308394079	-0.0567333984375
0.0171219584184696	-0.00956469580832987	-0.0567041015625
0.00272171509895346	0.0195079158434174	-0.0566748046875
-0.0192501306332283	-0.00455180351812839	-0.0566455078125
0.0112656586651793	-0.016361222262416	-0.0566162109375
0.0112136259180186	0.0164977498663903	-0.0565869140625
-0.0195207762142598	0.00449168499173698	-0.0565576171875
0.0028993396003714	-0.0199033372209064	-0.0565283203125
0.0175713826468488	0.00995524296473195	-0.0564990234375
-0.0157093896393452	0.0128212736931911	-0.0564697265625
-0.00628227383310001	-0.0193651989965586	-0.0564404296875
0.0204064367537415	0.00116680496486582	-0.0564111328125
-0.00851575974676602	0.0186700404994792	-0.0563818359375
-0.014371215787232	-0.0147600642954638	-0.0563525390625
0.0190382397625245	-0.00807699301923991	-0.0563232421875
0.000631460965797694	0.0207507344015081	-0.0562939453125
-0.0196439043430217	-0.00695746781284265	-0.0562646484375
0.013654563650043	-0.0158473381414341	-0.0562353515625
0.00985906372604343	0.0185385619429225	-0.0562060546875
-0.020928931057358	0.00248026741946858	-0.0561767578125
0.00529192439260634	-0.0204806778817218	-0.0561474609375
0.0172339866794399	0.0123992485815562	-0.0561181640625
-0.017866461262515	0.0116115692125586	-0.0560888671875
-0.00436370560176638	-0.0209352012122879	-0.0560595703125
0.0211691808924971	0.0035318888515521	-0.0560302734375
-0.0110020048602763	0.0185161149569985	-0.0560009765625
-0.0133176093237032	-0.01702387602343	-0.0559716796875
0.0207652584068923	-0.00626528918364441	-0.0559423828125
-0.0016912152293791	0.021699461099153	-0.0559130859375
-0.0196794274228127	-0.00947218329258101	-0.0558837890625
0.0160143830263603	-0.0149604558340153	-0.0558544921875
0.0081681007586467	0.0204164075762075	-0.0558251953125
-0.022062895963697	0.000215265527356697	-0.0557958984375
0.00782052660272253	-0.0207105169859538	-0.0557666015625
0.01652370726438	0.0148431790534867	-0.0557373046875
-0.0198875837243201	0.0100549430217479	-0.0557080078125
-0.00217187267717336	-0.0222522834201901	-0.0556787109375
0.0215969956350311	0.00605908359744889	-0.0556494140625
-0.0135170479698749	0.0179914418051714	-0.0556201171875
-0.0119084933747392	-0.0191793764895298	-0.0555908203125
0.0222619206750256	-0.00416221109063529	-0.0555615234375
-0.00420111127677797	0.0223276169138423	-0.0555322265625
-0.0193483669919229	-0.012044313631349	-0.0555029296875
0.018294040287499	-0.0137114606276387	-0.0554736328125
0.00616931382383171	0.0220876703025178	-0.0554443359375
-0.0228923891274026	-0.00226096566563403	-0.0554150390625
0.0104347789155785	-0.0205799648037304	-0.0553857421875
0.0154467424413782	0.0172354898483891	-0.0553564453125
-0.0217270129756229	0.00817579066096701	-0.0553271484375
0.00025398224534311	-0.0232826782306239	-0.0552978515625
0.0216726308899576	0.00869965131844239	-0.0552685546875
-0.0160092810934844	0.0170975821446765	-0.0552392578125
-0.010163981370276	-0.0211790862877605	-0.0552099609375
0.0234912994390217	-0.00180365303973347	-0.0551806640625
-0.00685145567900684	0.0226138066770757	-0.0551513671875
-0.0186477235573461	-0.0146225774264528	-0.0551220703125
0.0204447092422428	-0.0121161123700816	-0.0550927734375
0.00389504113741501	0.0235125966960023	-0.0550634765625
-0.0233921031645212	-0.00490393471248974	-0.0550341796875
0.0130841016431443	-0.020081562463489	-0.0550048828125
0.0140144554657105	0.0195263921098643	-0.0549755859375
-0.0233425092338409	0.00600271446332786	-0.0549462890625
0.00287193814076829	-0.0239974152856858	-0.0549169921875
0.0213842934009063	0.0114040737908048	-0.0548876953125
-0.0184283314817799	0.0158414872935004	-0.0548583984375
-0.00810878748692885	-0.0229786245746103	-0.0548291015625
0.0244210257871368	0.00077130131327087	-0.0547998046875
-0.00959413543168269	0.022542050467502	-0.0547705078125
-0.0175800480953589	-0.0171563904729695	-0.0547412109375
0.0224202174321762	-0.0101951120597843	-0.0547119140625
0.00138128569311459	0.024655697665232	-0.0546826171875
-0.0235420408911479	-0.00766726088631376	-0.0546533203125
0.0157180641602437	-0.0192134984465066	-0.0546240234375
0.0122434361706295	0.0216682740960506	-0.0545947265625
-0.0246957542938091	0.00356841741929149	-0.0545654296875
0.00563765614738147	-0.0243726701660129	-0.0545361328125
0.0207258725700266	0.0141224304669372	-0.0545068359375
-0.020725502001383	0.0142355647757458	-0.0544775390625
-0.00577211966020497	-0.0245371464787497	-0.0544482421875
0.0250236576254046	0.00352064626477377	-0.0544189453125
-0.0123800868330444	0.022102026894641	-0.0543896484375
-0.0161535213286784	-0.0195963243156806	-0.0543603515625
0.024177505784176	-0.00797400216955207	-0.0543310546875
-0.00133255210577796	0.025486141397983	-0.0543017578125
-0.0233277825465268	-0.0105030731335879	-0.0542724609375
0.0182868595009408	-0.0179797086205967	-0.0542431640625
0.0101554161522103	0.0236161835898931	-0.0542138671875
-0.0257527717803494	0.000909442509993714	-0.0541845703125
0.00850478142837608	-0.0243900605117157	-0.0541552734375
0.0196970675417296	0.0168048859386859	-0.0541259765625
-0.0228542754594981	0.0122976152163502	-0.0540966796875
-0.00318743221385608	-0.0258177921536419	-0.0540673828125
0.0252770082622697	0.00639985324210738	-0.0540380859375
-0.0151597918338176	0.0212892323853562	-0.0540087890625
-0.01438191842098	-0.0218946305223884	-0.0539794921875
0.0256771066741682	-0.00548293886401173	-0.0539501953125
-0.00420406518390576	0.0259781167066106	-0.0539208984375
-0.0227406813386328	-0.0133625107402578	-0.0538916015625
0.0207418456995841	-0.016389874030192	-0.0538623046875
0.00777706645991583	0.0253283340774194	-0.0538330078125
-0.0264843264014882	-0.00193420381898594	-0.0538037109375
0.0114254431758285	-0.0240368808390506	-0.0537744140625
0.0183034225724152	0.0194022447319246	-0.0537451171875
-0.0247708470501106	0.0100506609024104	-0.0537158203125
-0.000392069198614291	-0.0267881220494879	-0.0536865234375
0.0251644225211381	0.00936236491481608	-0.0536572265625
-0.017883842098589	0.0201050578020879	-0.0536279296875
-0.0122844732591986	-0.024005796745262	-0.0535986328125
0.0268836144010298	-0.00275636063533315	-0.0535693359375
-0.00718832266307684	0.0261111515348801	-0.0535400390625
-0.02177798417211	-0.0161962920430028	-0.0535107421875
0.0230361221397505	-0.0144593251588229	-0.0534814453125
0.00513969665358923	0.0267666087826708	-0.0534521484375
-0.0268662850847292	-0.00491951793137815	-0.0534228515625
0.0143508230510198	-0.0233062694481821	-0.0533935546875
0.0165562749114173	0.021866544061159	-0.0533642578125
-0.026434659583373	0.00752268000825067	-0.0533349609375
0.00257318002703589	-0.0274205201154967	-0.0533056640625
0.0246749911306935	0.0123601582515301	-0.0532763671875
-0.0205035438401513	0.0185567829413041	-0.0532470703125
-0.00988565215992634	-0.0258871101463231	-0.0532177734375
0.0277661291581986	0.000167429180912938	-0.0531884765625
-0.0102384223315142	0.0258703753956845	-0.0531591796875
-0.0204428751153223	-0.0189553266748256	-0.0531298828125
0.0251251176349503	-0.0122088589525838	-0.0531005859375
0.00227886908447206	0.0278970434444298	-0.0530712890625
-0.0268799273233888	-0.00800103567486879	-0.0530419921875
0.0172317699235424	-0.0221973025614857	-0.0530126953125
0.0144726184661145	0.0241516625669415	-0.0529833984375
-0.0278089225012036	0.00474625716017202	-0.0529541015625
0.00566459654611613	-0.0276925512504664	-0.0529248046875
0.0238036965952592	0.0153443566713824	-0.0528955078125
-0.0229715428383062	0.0166574896289813	-0.0528662109375
-0.00721484487373897	-0.0274992095486374	-0.0528369140625
0.0282986601597263	0.00324675224536409	-0.0528076171875
-0.0133060950417848	0.0252467174050438	-0.0527783203125
-0.0187444401625171	-0.0215913521897979	-0.0527490234375
0.0269671721394665	-0.00966447401443114	-0.0527197265625
-0.000766060258869681	0.0286902731082574	-0.0526904296875
-0.0265121951944323	-0.0111314238476737	-0.0526611328125
0.0200194431992145	-0.0207150124267766	-0.0526318359375
0.0120748864963812	0.0262139276011374	-0.0526025390625
-0.0288610997908035	0.00175815948074981	-0.0525732421875
0.00883610529484518	-0.0275872625357323	-0.0525439453125
0.0225514857482975	0.0182658750140833	-0.0525146484375
-0.0252424529672361	0.0144258947576104	-0.0524853515625
-0.0043059800299635	-0.0288066114391048	-0.0524560546875
0.028460476757047	0.00643710556314373	-0.0524267578125
-0.0163423461690241	0.0242370338324422	-0.0523974609375
-0.016697552966836	-0.024057579214102	-0.0523681640625
0.0285240973689518	-0.00685702929961577	-0.0523388671875
-0.00395246419739431	0.0291219312630521	-0.0523095703125
-0.02575587589718	-0.0142621129594914	-0.0522802734375
0.0226659697497347	-0.018870327595704	-0.0522509765625
0.00939065702366599	0.0280127066039685	-0.0522216796875
-0.0295633547770509	-0.00140115333910088	-0.0521923828125
0.0120398939675977	-0.0270934202109293	-0.0521630859375
0.0209252659120295	0.0210760832342637	-0.0521337890625
-0.0272734741276746	0.0118861054551025	-0.0521044921875
-0.00119707207935888	-0.0297781975881986	-0.0520751953125
0.0282363987740849	0.0096917614551893	-0.0520458984375
-0.019298120943372	0.0228441609594905	-0.0520166015625
-0.0143226823742452	-0.0263093314421999	-0.0519873046875
0.0297617039921315	-0.00382183197445035	-0.0519580078125
-0.0072350204534354	0.0291729919515969	-0.0519287109375
-0.0246097116112303	-0.0173439590169389	-0.0518994140625
0.0251251012420743	-0.0166799349678149	-0.0518701171875
0.00645228530947257	0.0295109702248545	-0.0518408203125
-0.0298929419420185	-0.00468807648577715	-0.0518115234375
0.0152270660637984	-0.026205676318665	-0.0517822265625
0.0189378231222905	0.023727476143693	-0.0517529296875
-0.029024987307661	0.00906729951351516	-0.0517236328125
0.00207029296128046	-0.0303876540561355	-0.0516943359375
0.0276170192224219	0.0129624067186125	-0.0516650390625
-0.0221249815443434	0.0210768906722148	-0.0516357421875
-0.0116456237332025	-0.0283046683441551	-0.0516064453125
0.0306502848749197	-0.000598160632574411	-0.0515771484375
-0.0105663318677736	0.028830047349086	-0.0515478515625
-0.0230784331534919	-0.0203279228179093	-0.0515185546875
0.0273528599381296	-0.0141660644895812	-0.0514892578125
0.0032964685256079	0.0306758164613536	-0.0514599609375
-0.0298325376853116	-0.00805645637639363	-0.0514306640625
0.018348317186428	-0.0249246606332369	-0.0514013671875
0.0166076622849008	0.0261743375319843	-0.0513720703125
-0.0304611159128371	0.00600333516391056	-0.0513427734375
0.00545152525749955	-0.030613852998873	-0.0513134765625
0.0265988542212267	0.0161998107364915	-0.0512841796875
-0.0247757845986549	0.0189498676881383	-0.0512548828125
-0.00869715706396516	-0.0300049796594586	-0.0512255859375
0.031165045364193	0.00277126932591082	-0.0511962890625
-0.013897581176012	0.0280855149132159	-0.0511669921875
-0.0211727154247678	-0.0231657557542964	-0.0511376953125
0.0293081620374687	-0.0113561986218639	-0.0511083984375
-3.62514726787573e-05	0.0314789464467688	-0.0510791015625
-0.0293705034731044	-0.011458227048914	-0.0510498046875
0.0213546239934581	-0.0232569950047862	-0.0510205078125
0.0139587704371149	0.028373387795808	-0.0509912109375
-0.0315502437061633	0.00273229521978645	-0.0509619140625
0.00889964424206315	-0.0304411701285659	-0.0509326171875
0.0251844164440988	0.0193545123816962	-0.0509033203125
-0.0272053483254478	0.0164834086818157	-0.0508740234375
-0.0055126362272967	-0.0313755417899055	-0.0508447265625
0.0312864729329637	0.00624089072886818	-0.0508154296875
-0.017179210671778	0.0269377696672494	-0.0507861328125
-0.0189090540293077	-0.0258106815355664	-0.0507568359375
0.0309534085098465	-0.00828270983948493	-0.0507275390625
-0.0035020405970878	0.0318970837343156	-0.0506982421875
-0.0285010762244483	-0.0148440774373846	-0.0506689453125
0.0241979354360924	-0.0212152286520109	-0.0506396484375
0.0110203055095713	0.0302844049173146	-0.0506103515625
-0.0322654807893406	-0.000704028502850283	-0.0505810546875
0.0123659284418481	-0.0298597320121504	-0.0505517578125
0.023382209806193	0.0223775156216671	-0.0505224609375
-0.0293710991227716	0.0137032448448454	-0.0504931640625
-0.00213151422123915	-0.0323860271661563	-0.0504638671875
0.0310006397541014	0.00976291207734259	-0.0504345703125
-0.0203616169867828	0.0253911985415107	-0.0504052734375
-0.0163095637546128	-0.0282180636385396	-0.0503759765625
0.0322550341924077	-0.00498243050035655	-0.0503466796875
-0.00705437282187674	0.0319123300777348	-0.0503173828125
-0.0272244821057882	-0.0181641401341829	-0.0502880859375
0.0268318561584868	-0.0188176942546478	-0.0502587890625
0.00782621412498459	0.0318708093253963	-0.0502294921875
-0.0325850701089943	-0.00426070376566806	-0.0502001953125
0.0158005930680035	-0.0288655886597419	-0.0501708984375
0.0212066444219135	0.0252209838251806	-0.0501416015625
-0.0312336879463246	0.0106401906081979	-0.0501123046875
0.0014031893547638	-0.0330109586060105	-0.0500830078125
0.0302994329725656	0.0132879788879346	-0.0500537109375
-0.0233958511718335	0.023456175000391	-0.0500244140625
-0.013401700826435	-0.0303460487109422	-0.0499951171875
0.0331840067580265	-0.00149616041326208	-0.0499658203125
-0.0106446703203865	0.0315124518364772	-0.0499365234375
-0.02554697117833	-0.0213686920622875	-0.0499072265625
0.029212312222744	-0.0160882859462942	-0.0498779296875
0.0044147830291726	0.0331002038895515	-0.0498486328125
-0.032492728016395	-0.00789027203581103	-0.0498193359375
0.0191534860861704	-0.027460808089013	-0.0497900390625
0.0186778721213174	0.0278389229311925	-0.0497607421875
-0.0327575674301558	0.00732974236850207	-0.0497314453125
0.00504547180732556	-0.0332301016389989	-0.0497021484375
0.0291807086310848	0.0167658599969574	-0.0496728515625
-0.0262343142952646	0.021148953436198	-0.0496435546875
-0.0102179120095368	-0.0321561766365367	-0.0496142578125
0.0337162680230121	0.00213188166346256	-0.0495849609375
-0.0142229749072805	0.0306910922599948	-0.0495556640625
-0.0234807715820898	-0.0244088573906819	-0.0495263671875
0.0312981896845084	-0.0130561614937914	-0.0494970703125
0.000828129723452378	0.0339448610587421	-0.0494677734375
-0.0319779134692378	-0.0115434000768006	-0.0494384765625
0.0223747932764678	-0.0256534907652676	-0.0494091796875
0.0158215440174969	0.030187843883361	-0.0493798828125
-0.0339115213589533	0.00381161209289206	-0.0493505859375
0.00874697424299075	-0.0330287887577757	-0.0493212890625
0.027648366382493	0.0201461495717388	-0.0492919921875
-0.0288314389024397	0.0184914840227246	-0.0492626953125
-0.00679521470687229	-0.0336139485241154	-0.0492333984375
0.0338331109682243	0.00585465555255038	-0.0492041015625
-0.0177386418258305	0.0294479060396682	-0.0491748046875
-0.0210439631491935	-0.0272373030387902	-0.0491455078125
0.0330519369919689	-0.0097553720698865	-0.0491162109375
-0.0028883612506749	0.0343821499779514	-0.0490869140625
-0.0310360215454718	-0.0151695603928959	-0.0490576171875
0.025415742694062	-0.0234577030129579	-0.0490283203125
0.0126684927661722	0.0322273950732101	-0.0489990234375
-0.0346691388317368	0.000129201624370293	-0.0489697265625
0.0124576436449262	-0.0323981705782734	-0.0489404296875
0.0257123432958739	0.0233789753674773	-0.0489111328125
-0.0311443469107815	0.0155111498890387	-0.0488818359375
-0.00317471321333935	-0.0346893445190301	-0.0488525390625
0.0335214868022828	0.00962293847351745	-0.0488232421875
-0.0211410466084613	0.027788613659908	-0.0487939453125
-0.0182602715154413	-0.029808917238796	-0.0487646484375
0.0344401227203357	-0.00622442407679155	-0.0487353515625
-0.00668664914014615	0.0343948972967625	-0.0487060546875
-0.029668498042944	-0.0187177315062228	-0.0486767578125
0.0282292989572091	-0.0208933296704696	-0.0486474609375
0.00925434324773853	0.0339209559748081	-0.0486181640625
-0.0350092262599237	-0.00367097563557055	-0.0485888671875
0.0161264214232647	-0.0313353899472248	-0.0485595703125
0.0233885262302152	0.0264157036790621	-0.0485302734375
-0.0331334748537674	0.0122404295920767	-0.0485009765625
0.000598942801244451	-0.0353572840556686	-0.0484716796875
0.032774237397764	0.013385996804206	-0.0484423828125
-0.0243802955471013	0.025724974228252	-0.0484130859375
-0.0151587849375701	-0.0320814618615175	-0.0483837890625
0.0354339407861541	-0.00250577845236261	-0.0483544921875
-0.0105166870095158	0.0339716763253244	-0.0483251953125
-0.0278828730601843	-0.0221371087548563	-0.0482958984375
0.0307708379243452	-0.017985847409576	-0.0482666015625
0.00561905642379115	0.0352361836950533	-0.0482373046875
-0.0349161512163448	-0.0075399182347878	-0.0482080078125
0.0197019493425575	-0.0298436761224906	-0.0481787109375
0.0206985834014384	0.0292096314699728	-0.0481494140625
-0.0347631578345947	0.00871648892779233	-0.0481201171875
0.00447815067907958	-0.0355980219698552	-0.0480908203125
0.0315902494757515	0.0170922819695446	-0.0480615234375
-0.0274079302416227	0.0232746766104068	-0.0480322265625
-0.0117735971156117	-0.0340161895628566	-0.0480029296875
0.0360096560082178	0.00135470621953437	-0.0479736328125
-0.0143271024910368	0.033107020187922	-0.0479443359375
-0.025692712585343	-0.0253778161323242	-0.0479150390625
0.0329987925753447	-0.0147660212556279	-0.0478857421875
0.00180641206626474	0.0361455048034821	-0.0478564453125
-0.0343801130902404	-0.0114267972870626	-0.0478271484375
0.0231332834648713	-0.0279323572607671	-0.0477978515625
0.017669716897404	0.0317166563154586	-0.0477685546875
-0.0360021641035768	0.00498070711553949	-0.0477392578125
0.00841299040427253	-0.0353974747658621	-0.0477099609375
0.029974527992705	0.0206901412796908	-0.0476806640625
-0.0301776167509598	0.0204611498306972	-0.0476513671875
-0.00814338035592082	-0.0355784172712912	-0.0476220703125
0.0361489836889397	0.00530837967590541	-0.0475927734375
-0.0180659003259247	0.0318015556648141	-0.0475634765625
-0.0231174882523537	-0.0283916096468437	-0.0475341796875
0.0348752612831358	-0.0112695279139657	-0.0475048828125
-0.00213656308106166	0.0366265455386076	-0.0474755859375
-0.033397336498267	-0.0152796455789791	-0.0474462890625
0.0263706066077921	-0.0256167905684462	-0.0474169921875
0.0143343389904094	0.0338959150736146	-0.0473876953125
-0.0368241728276221	0.00107814330977525	-0.0473583984375
0.0123518952294971	-0.0347474722753481	-0.0473291015625
0.0279381872860131	0.0241285343047606	-0.0472998046875
-0.0326458100520484	0.0173132948104615	-0.0472705078125
-0.00431089438078877	-0.0367380481081442	-0.0472412109375
0.0358393977738347	0.00930444720356688	-0.0472119140625
-0.0216811774387788	0.0300620554887056	-0.0471826171875
-0.0201823665443676	-0.0311325627627339	-0.0471533203125
0.0363665701464328	-0.00753651052188819	-0.0471240234375
-0.00616021438051058	0.0366624943067095	-0.0470947265625
-0.0319701844429485	-0.0190460661296459	-0.0470654296875
0.0293659298038236	-0.0229182105933636	-0.0470361328125
0.0107296761461213	0.0357103825930823	-0.0470068359375
-0.037208188368557	-0.00294304977213514	-0.0469775390625
0.0162423485471911	-0.0336459309452927	-0.0469482421875
0.0254983596492269	0.0273577452645738	-0.0469189453125
-0.0347723848146711	0.0138651405946021	-0.0468896484375
-0.000322436984559965	-0.0374700345053203	-0.0468603515625
0.035074363097775	0.0132906497260979	-0.0468310546875
-0.0251218410833554	0.0279014079616555	-0.0468017578125
-0.0169179198224851	-0.0335577246953664	-0.0467724609375
0.0374437816472629	-0.00361107039232218	-0.0467431640625
-0.010212917622285	0.0362423912846411	-0.0467138671875
-0.0301071892862403	-0.0226739508692186	-0.0466845703125
0.0320737733617535	-0.019863497245223	-0.0466552734375
0.00689730562099054	0.0371274222746995	-0.0466259765625
-0.0371388852211398	-0.00703225757716031	-0.0465966796875
0.0200315978660191	-0.0320969460374064	-0.0465673828125
0.0226780221224467	0.0303300819301182	-0.0465380859375
-0.036521223921584	0.0101554292479148	-0.0465087890625
0.00377275645576221	-0.0377547760517478	-0.0464794921875
0.033853488233938	0.0172139678698788	-0.0464501953125
-0.0283383205210265	0.0253385038686754	-0.0464208984375
-0.0133597626202606	-0.035627742662096	-0.0463916015625
0.0380831425906635	0.000459297814721208	-0.0463623046875
-0.0142417680362731	0.0353613409000253	-0.0463330078125
-0.0278230007046317	-0.0261121999304254	-0.0463037109375
0.0344518183690046	-0.0164848662184873	-0.0462744140625
0.00288263046482178	0.0381192809207843	-0.0462451171875
-0.0366068786711295	-0.0111370726315273	-0.0462158203125
0.023667376488424	-0.0301108011004765	-0.0461865234375
0.0195057433842594	0.0330005516785018	-0.0461572265625
-0.037860756697589	0.00622713457627371	-0.0461279296875
0.0079231568944125	-0.037578446450656	-0.0460986328125
0.032182596512632	0.0210213407751003	-0.0460693359375
-0.0312832627433029	0.0223980417728191	-0.0460400390625
-0.00954811765905646	-0.0373074396404286	-0.0460107421875
0.0382664650702132	0.00462432027477853	-0.0459814453125
-0.0181932909960075	0.0340206439785104	-0.0459521484375
-0.0251382508997996	-0.029311432003014	-0.0459228515625
0.0364615198346065	-0.0128194855394452	-0.0458935546875
-0.00126570040851154	0.0386635210215576	-0.0458642578125
-0.0356089172077294	-0.015203991947871	-0.0458349609375
0.0270986233465316	-0.0277038941760217	-0.0458056640625
0.0160153537062974	0.0353275056121623	-0.0457763671875
-0.0387644394520011	0.00212692073085119	-0.0457470703125
0.0120756206251875	-0.0369332448944574	-0.0457177734375
0.0300737138598166	0.0246603901849862	-0.0456884765625
-0.0339122029263318	0.0191102538692683	-0.0456591796875
-0.00552731699333054	-0.0385663397455962	-0.0456298828125
0.037981435071697	0.00883159963150177	-0.0456005859375
-0.0220141650935909	0.0322278474058413	-0.0455712890625
-0.0220793384423401	-0.0322246762829713	-0.0455419921875
0.038068673149071	-0.00890902295769536	-0.0455126953125
-0.00549641966264989	0.0387433844348639	-0.0454833984375
-0.034147993750882	-0.0191791338160944	-0.0454541015625
0.0302761914408697	-0.0248985813037267	-0.0454248046875
0.0122455419660154	0.0372732420431039	-0.0453955078125
-0.0392111716774145	-0.00209545242336454	-0.0453662109375
0.0161760945551935	-0.0358175681507124	-0.0453369140625
0.0275449732052715	0.0280801402402451	-0.0453076171875
-0.0361842006049234	0.0155105556399929	-0.0452783203125
-0.00134524457770991	-0.0393791340049361	-0.0452490234375
0.0372218442673876	0.0130273035946461	-0.0452197265625
-0.025651948063949	0.0299967102393509	-0.0451904296875
-0.018678133211235	-0.0348080367564029	-0.0451611328125
0.0392439261250974	-0.00479912983763486	-0.0451318359375
-0.00975630841393139	0.0383480823020906	-0.0451025390625
-0.0322333738191284	-0.0230089645778183	-0.0450732421875
0.0331535354413492	-0.0217229389913914	-0.0450439453125
0.00823938469572334	0.0388045611479393	-0.0450146484375
-0.0391856420748822	-0.00638776956202278	-0.0449853515625
0.0201703385336052	-0.034236100688809	-0.0449560546875
0.0246204363145611	0.0312317234256711	-0.0449267578125
-0.0380624329733236	0.0116391235716832	-0.0448974609375
0.00294727265304771	-0.0397260800680004	-0.0448681640625
0.0359877415530043	0.0171568775497146	-0.0448388671875
-0.0290557959630992	0.0273470863047577	-0.0448095703125
-0.0149716059448428	-0.0370213198886139	-0.0447802734375
0.039963229573052	-0.000538868067449189	-0.0447509765625
-0.0139908939094964	0.0374730069989301	-0.0447216796875
-0.029880539854818	-0.0266410258159401	-0.0446923828125
0.0356873692488466	-0.0182104483919525	-0.0446630859375
0.00404381306274556	0.0398932632137034	-0.0446337890625
-0.0386785994804686	-0.0106960375338133	-0.0446044921875
0.0240046552641199	-0.0321998212495541	-0.0445751953125
0.0213298349926477	0.0340690632624725	-0.0445458984375
-0.0395147372530135	0.00754040616617743	-0.0445166015625
0.00729711739290939	-0.0395933302387617	-0.0444873046875
0.0342855019255896	0.0211657718747528	-0.0444580078125
-0.0321771660569576	0.0243047244167681	-0.0444287109375
-0.0110013869276103	-0.0388286172374923	-0.0443994140625
0.0402082201492851	0.00381991272074888	-0.0443701171875
-0.0181451689380322	0.0361198629319777	-0.0443408203125
-0.027111052026016	-0.0300246523492037	-0.0443115234375
0.037838284677049	-0.0143996049725686	-0.0442822265625
-0.000290975483368434	0.0405165836089528	-0.0442529296875
-0.0376870447392015	-0.0149651916022014	-0.0442236328125
0.0276266181941537	-0.0297259253547783	-0.0441943359375
0.0177082346769729	0.0365495246102204	-0.0441650390625
-0.0405140947082972	0.00326257437090102	-0.0441357421875
0.0116495698593009	-0.0389731831390344	-0.0441064453125
0.0321278113799727	0.0250001744304212	-0.0440771484375
-0.0349704940559618	0.0209009884505472	-0.0440478515625
-0.00681325928648654	-0.0401988350716619	-0.0440185546875
0.0399665300828715	0.00822323964385905	-0.0439892578125
-0.0221643235829266	0.0342967140479201	-0.0439599609375
-0.0239523269246812	-0.0331116715059957	-0.0439306640625
0.0395713228918794	-0.0103334584556634	-0.0439013671875
-0.00471215340761866	0.0406575584210135	-0.0438720703125
-0.0362143405971097	-0.0191398211178835	-0.0438427734375
0.0309857877636633	-0.0268376643576239	-0.0438134765625
0.0137956244693664	0.0386345228337679	-0.0437841796875
-0.0410390496291919	-0.0011430816231202	-0.0437548828125
0.0159490220746157	-0.0378642552981796	-0.0437255859375
0.0295335676000432	0.0286077385855667	-0.0436962890625
-0.0373938366318997	0.0171725005530241	-0.0436669921875
-0.0024565932511299	-0.0411061637399055	-0.0436376953125
0.039232019326474	0.0126157142201073	-0.0436083984375
-0.0259944797293042	0.0320179470080157	-0.0435791015625
-0.0204373366644111	-0.0358570743612208	-0.0435498046875
0.040856490834634	-0.00605908874514918	-0.0435205078125
-0.00916493898437858	0.0403053155874321	-0.0434912109375
-0.0342702377470722	-0.0231649051537669	-0.0434619140625
0.0340344065130104	-0.0235641027317239	-0.0434326171875
0.00963643863717381	0.0402900835968667	-0.0434033203125
-0.0410740574292406	-0.00562280153861426	-0.0433740234375
0.0201397092559787	-0.0362715700005769	-0.0433447265625
0.0265276973249048	0.0319382971622703	-0.0433154296875
-0.0394094705745549	0.0131607118033905	-0.0432861328125
0.00201627146984092	-0.0415304803010526	-0.0432568359375
0.0380049266773505	0.0169412341595661	-0.0432275390625
-0.029583418664347	0.0293041500821993	-0.0431982421875
-0.0166042319337505	-0.038219649952565	-0.0431689453125
0.0416692155463846	-0.00162702441218465	-0.0431396484375
-0.0135933031936617	0.0394552873065555	-0.0431103515625
-0.0318708162558107	-0.0269865484677272	-0.0430810546875
0.0367280637900015	-0.0199397963753753	-0.0430517578125
0.00527901553070697	0.041487345659946	-0.0430224609375
-0.0406097569120869	-0.0101210418157503	-0.0429931640625
0.0241664487747264	-0.0342065617961436	-0.0429638671875
0.023140892364501	0.0349445528323883	-0.0429345703125
-0.0409844404806061	0.00891140559872631	-0.0429052734375
0.00655068733761662	-0.0414576787726561	-0.0428759765625
0.0362919374621685	0.0211437299216299	-0.0428466796875
-0.0328812921637569	0.0261819089206553	-0.0428173828125
-0.0124958935703104	-0.0401625739424728	-0.0427880859375
0.0419907300970894	0.00290938890869291	-0.0427587890625
-0.0179406984828814	0.0381093405262373	-0.0427294921875
-0.0290383427038162	-0.0305527081171225	-0.0427001953125
0.0390263211588653	-0.0160043957505949	-0.0426708984375
0.000775000705597762	0.0422029997759794	-0.0426416015625
-0.039643162733753	-0.0145811912299663	-0.0426123046875
0.0279753770125648	-0.0316869961758041	-0.0425830078125
0.0194092673106744	0.0375827357693726	-0.0425537109375
-0.0420910475093817	0.00447413994014742	-0.0425244140625
0.0110903961928189	-0.0408799232815688	-0.0424951171875
0.0341061664609091	0.0251679064390986	-0.0424658203125
-0.0358413076364959	0.0226835214515863	-0.0424365234375
-0.00815941817222472	-0.0416539437552744	-0.0424072265625
0.0418083856925602	0.00749466217940719	-0.0423779296875
-0.0221507999380102	0.0362758233678892	-0.0423486328125
-0.0258010444721031	-0.0338139011348525	-0.0423193359375
0.0408932900932393	-0.0118021786735502	-0.0422900390625
-0.00382129820681652	0.0424196575867396	-0.0422607421875
-0.0381777751146084	-0.0189463060810203	-0.0422314453125
0.0315146744310378	-0.028736805020129	-0.0422021484375
0.0153739430237791	0.0398132197515968	-0.0421728515625
-0.0427072724808062	-9.83643831522006e-05	-0.0421435546875
0.0155782530645268	-0.039795820388074	-0.0421142578125
0.0314670558464794	0.0289599803046143	-0.0420849609375
-0.038420378202371	0.0188466352182272	-0.0420556640625
-0.00364554414578104	-0.0426672528867583	-0.0420263671875
0.0411158854750249	0.0120718700610789	-0.0419970703125
-0.0261682492096067	0.0339695264318269	-0.0419677734375
-0.0221928036966555	-0.0367238838863532	-0.0419384765625
0.0422981541254522	-0.00738151850910975	-0.0419091796875
-0.00845359667920006	0.042126145311394	-0.0418798828125
-0.0362236049232145	-0.0231598554195573	-0.0418505859375
0.03473526928798	-0.0253858395299886	-0.0418212890625
0.011080560958695	0.0416010884213452	-0.0417919921875
-0.0428171274213888	-0.00475088198294231	-0.0417626953125
0.0199569672368013	-0.0382105078946369	-0.0417333984375
0.028400189023781	0.0324684027367869	-0.0417041015625
-0.0405797289991442	0.0147138114917496	-0.0416748046875
0.000991974611208795	-0.04318179784828	-0.0416455078125
0.0399134365363159	0.0165833823771565	-0.0416162109375
-0.0299393914660928	0.031211559035048	-0.0415869140625
-0.0182527744676185	-0.0392402940602063	-0.0415576171875
0.0432156283178401	-0.0027942943861909	-0.0415283203125
-0.0130643497629916	0.0413177179791436	-0.0414990234375
-0.0337971133491624	-0.0271664666104253	-0.0414697265625
0.0375915106755056	-0.0216695434296323	-0.0414404296875
0.00657873431419802	0.0429166440208071	-0.0414111328125
-0.0424109305728855	-0.00942637907065706	-0.0413818359375
0.0241698509690315	-0.0361356585275434	-0.0413525390625
0.0249370223504255	0.0356445587910357	-0.0413232421875
-0.0422854515516407	0.0103320214673658	-0.0412939453125
0.00569703948050941	-0.043183012058992	-0.0412646484375
0.0382078177138124	0.0209716105024176	-0.0412353515625
-0.0334129956995716	0.0280291415400324	-0.0412060546875
-0.0140249278633291	-0.0413252466959259	-0.0411767578125
0.0436263497097636	0.00190474916939749	-0.0411474609375
-0.0175954906617543	0.0399961909749097	-0.0411181640625
-0.0309210664904946	-0.0309126614890792	-0.0410888671875
0.0400418019169459	-0.0176285502806368	-0.0410595703125
0.00192144283534627	0.0437358516445545	-0.0410302734375
-0.0414855008544998	-0.0140667387753034	-0.0410009765625
0.0281615661300055	-0.0335893979804674	-0.0409716796875
0.0211145377969966	0.0384434335518292	-0.0409423828125
-0.0435089986792338	0.00575208075405483	-0.0409130859375
0.0104119138312056	-0.042662721927516	-0.0408837890625
0.0360123618246574	0.02517975901218	-0.0408544921875
-0.0365409488882412	0.0244553160282825	-0.0408251953125
-0.00955753036498436	-0.0429458762164609	-0.0407958984375
0.0435171932661974	0.00665868510118871	-0.0407666015625
-0.0219891818834574	0.038169986729026	-0.0407373046875
-0.0276243062880485	-0.0343475734520144	-0.0407080078125
0.0420491858400362	-0.0133082097463716	-0.0406787109375
-0.00283562114340222	0.044040712858746	-0.0406494140625
-0.040044268800044	-0.0186135062775284	-0.0406201171875
0.0318788589941699	-0.0305961379194854	-0.0405908203125
0.0169748206434558	0.0408242364356229	-0.0405615234375
-0.0442276131603382	0.00102802919494153	-0.0405322265625
0.0150779566451697	-0.0416193213560218	-0.0405029296875
0.0333468520995182	0.0291525728197664	-0.0404736328125
-0.0392789148210561	0.0205285786418559	-0.0404443359375
-0.004902562085092	-0.0440748171020416	-0.0404150390625
0.0428815087993609	0.0114091205206676	-0.0403857421875
-0.0261885692511054	0.0358540954748444	-0.0403564453125
-0.0239414403305783	-0.0374236360312196	-0.0403271484375
0.0435818740347745	-0.00875804858765735	-0.0402978515625
-0.00763474716302823	0.0438195634293229	-0.0402685546875
-0.0380973020635759	-0.0230086441620495	-0.0402392578125
0.0352712735636039	-0.0271863256547504	-0.0402099609375
0.0125645672975663	0.0427509752417585	-0.0401806640625
-0.04442468420526	-0.00378353620802945	-0.0401513671875
0.0196363736570227	-0.0400578619429518	-0.0401220703125
0.0302373336890831	0.032837070049935	-0.0400927734375
-0.0415869488126827	0.0162924379445595	-0.0400634765625
-0.000115082048050475	-0.0446906166087601	-0.0400341796875
0.0417192753415018	0.0160969380982256	-0.0400048828125
-0.0301385289756624	0.0330699501078655	-0.0399755859375
-0.0199124541162775	-0.0400972338347964	-0.0399462890625
0.0446137128989184	-0.00403117303969307	-0.0399169921875
-0.0124169328041098	0.04306729086436	-0.0398876953125
-0.035661244686607	-0.0271952882205621	-0.0398583984375
0.038291834019042	-0.0233961132708448	-0.0398291015625
0.00793452924624522	0.0441929722068717	-0.0397998046875
-0.0440900267002792	-0.00862416685277741	-0.0397705078125
0.0240289763405934	-0.0379900572419197	-0.0397412109375
0.0267158422199946	0.036183251042008	-0.0397119140625
-0.0434300600724866	0.0117949046308366	-0.0396826171875
0.00474745152319386	-0.0447780737887328	-0.0396533203125
0.0400371705019623	0.0206630526501109	-0.0396240234375
-0.0337863980452751	0.0298452162928514	-0.0395947265625
-0.0155822503748709	-0.0423293071866092	-0.0395654296875
0.0451245800638324	0.00081637999432921	-0.0395361328125
-0.0171226322955627	0.0417854684965768	-0.0395068359375
-0.0327591704331601	-0.0311184938918957	-0.0394775390625
0.0408976872652571	-0.0192669500614284	-0.0394482421875
0.00313890000232297	0.0451253150374106	-0.0394189453125
-0.0432200791650692	-0.0134342976346105	-0.0393896484375
0.0281989389335169	-0.0354342005398766	-0.0393603515625
0.0228200524586491	0.0391447741461537	-0.0393310546875
-0.044778714135769	0.00708791881970105	-0.0393017578125
0.00962589734688365	-0.0443284999992081	-0.0392724609375
0.0378485534315136	0.0250491731900589	-0.0392431640625
-0.0370826783620366	0.0262135000657839	-0.0392138671875
-0.0110001210162301	-0.0440859023617872	-0.0391845703125
0.04510070566778	0.00572633480534327	-0.0391552734375
-0.0216925179859301	0.0399824038979749	-0.0391259765625
-0.0294203516113038	-0.0347259636076564	-0.0390966796875
0.0430506970152775	-0.0148451031212435	-0.0390673828125
-0.00176534732662273	0.0455292367073373	-0.0390380859375
-0.0418180173999352	-0.0181540022203398	-0.0390087890625
0.0320915436771446	-0.0324149967333416	-0.0389794921875
0.01859285118564	0.0416795893682597	-0.0389501953125
-0.0456092685091434	0.00222672200300612	-0.0389208984375
0.0144601745752922	-0.0433398970828937	-0.0388916015625
0.035173361127506	0.0291985606044196	-0.0388623046875
-0.0399817053570774	0.0222139762531197	-0.0388330078125
-0.00621915816479167	-0.0453386599846119	-0.0388037109375
0.0445349138920749	0.0106389030795133	-0.0387744140625
-0.0260682448894354	0.037673100516301	-0.0387451171875
-0.0256799458971491	-0.0379687455185144	-0.0387158203125
0.0447179814491244	-0.0101811118958358	-0.0386865234375
-0.00671916355164693	0.0453924187024856	-0.0386572265625
-0.0398937818756018	-0.0227237588378214	-0.0386279296875
0.0356549045612401	-0.0289633099927245	-0.0385986328125
0.0140818393794226	0.0437505214258346	-0.0385693359375
-0.0459043355160225	-0.00273081853908548	-0.0385400390625
0.0191900241773354	-0.0418170504488443	-0.0385107421875
0.0320379189310373	0.0330567711252832	-0.0384814453125
-0.0424422722357506	0.0178909420659421	-0.0384521484375
-0.00129561155121239	-0.0460652349230356	-0.0384228515625
0.0434267811855784	0.015493535242734	-0.0383935546875
-0.0301932084401252	0.034879132537768	-0.0383642578125
-0.0215786047452471	-0.0408018944066173	-0.0383349609375
0.0458723871778126	-0.00532918336518339	-0.0383056640625
-0.0116621591387806	0.0447092133586516	-0.0382763671875
-0.0374640180227592	-0.0270852167445832	-0.0382470703125
0.038840660099773	-0.0251158299981072	-0.0382177734375
0.00933876973979551	0.0453257943954926	-0.0381884765625
-0.0456530672422291	-0.00772492439792124	-0.0381591796875
0.0237557784779861	-0.0397715353690283	-0.0381298828125
0.028474667176558	0.0365723759195848	-0.0381005859375
-0.044428201540077	0.0132933012090251	-0.0380712890625
0.00371179974578831	-0.0462496418694605	-0.0380419921875
0.0417827086619435	0.0202296873913116	-0.0380126953125
-0.0340132856334402	0.0316284340990213	-0.0379833984375
-0.0171620079947646	-0.0431850860387133	-0.0379541015625
0.0464928930340991	-0.000346535329796472	-0.0379248046875
-0.0165333628567397	0.043480781964911	-0.0378955078125
-0.0345519296971724	-0.0311819534897737	-0.0378662109375
0.0416046260246185	-0.020914660589611	-0.0378369140625
0.00441892643980859	0.0463794908523478	-0.0378076171875
-0.0448513584638472	-0.0126946507755683	-0.0377783203125
0.0280991289765208	-0.0372216359161701	-0.0377490234375
0.0245218070425764	0.0396976473788672	-0.0377197265625
-0.0459088563593997	0.00847398476182424	-0.0376904296875
0.00874261259373129	-0.0458825217301225	-0.0376611328125
0.0396159072486116	0.0247875940107644	-0.0376318359375
-0.0374775499082539	0.027955005078295	-0.0376025390625
-0.0124803302495741	-0.0450831767778296	-0.0375732421875
0.046564938087697	0.00470730403319723	-0.0375439453125
-0.0212719936918885	0.0417151463737458	-0.0375146484375
-0.0311870472143789	-0.0349602131613049	-0.0374853515625
0.0439073992611611	-0.0164068356902847	-0.0374560546875
-0.000619545233809244	0.0468919392150478	-0.0374267578125
-0.0435019644774167	-0.0175786518832854	-0.0373974609375
0.0321638825461317	-0.034192177090041	-0.0373681640625
0.020222869703651	0.0423892030840801	-0.0373388671875
-0.046859584264655	0.00348931592727171	-0.0373095703125
0.0137353730109765	-0.0449613249434953	-0.0372802734375
0.0369462952822547	0.0291090365703937	-0.0372509765625
-0.0405389504197642	0.0238985367774901	-0.0372216796875
-0.00758764551088436	-0.0464667009408847	-0.0371923828125
0.0460806692334224	0.00977123158060981	-0.0371630859375
-0.0258182361746923	0.0394271529620079	-0.0371337890625
-0.0274049124520124	-0.0383696160132635	-0.0371044921875
0.045714905140361	-0.0116437683138996	-0.0370751953125
-0.00571635101505925	0.0468500239064087	-0.0370458984375
-0.0416145318331826	-0.0223159572742948	-0.0370166015625
0.0358966962262522	-0.0307142717965804	-0.0369873046875
0.0156262138865563	0.0446085989255747	-0.0369580078125
-0.0472620878768422	-0.00160167350487318	-0.0369287109375
0.0186284077594488	-0.0434904088988812	-0.0368994140625
0.0338003093688541	0.0331380980919208	-0.0368701171875
-0.0431549467716616	0.0195039618497663	-0.0368408203125
-0.00254127736098224	-0.0473122991576709	-0.0368115234375
0.0450391047139871	0.014783330330728	-0.0367822265625
-0.0301140091775143	0.0366383489071528	-0.0367529296875
-0.0232466845927202	-0.0413638301961902	-0.0367236328125
0.0469988804965885	-0.00668063935363122	-0.0366943359375
-0.0108097926611033	0.0462474139079074	-0.0366650390625
-0.0392055410815003	-0.0268467492050309	-0.0366357421875
0.0392477810518231	-0.0268249854443783	-0.0366064453125
0.0107844578733016	0.0463228634753949	-0.0365771484375
-0.0471047168961513	-0.00673796648098682	-0.0365478515625
0.0233606045268244	-0.041481047716727	-0.0365185546875
0.0302106304425392	0.0368218939295256	-0.0364892578125
-0.045288090810141	0.0148209338170169	-0.0364599609375
0.0025988972742317	-0.0476030718433513	-0.0364306640625
0.0434462110020253	0.0196816466904651	-0.0364013671875
-0.0341037182852535	0.0333767718676121	-0.0363720703125
-0.018758671113407	-0.0439011967596508	-0.0363427734375
0.0477372860918681	-0.00157573364751075	-0.0363134765625
-0.015837536456132	0.0450847063138477	-0.0362841796875
-0.0362981617668656	-0.0311131310638828	-0.0362548828125
0.0421715657210524	-0.022566921990377	-0.0362255859375
0.00575385285993943	0.0475049664284705	-0.0361962890625
-0.0463826774030624	-0.0118573147479839	-0.0361669921875
0.0278721907491605	-0.0389513537677874	-0.0361376953125
0.026215828052278	0.0401112692620434	-0.0361083984375
-0.0469065477251364	0.00990324244640658	-0.0360791015625
0.00777118212800732	-0.0473288528312956	-0.0360498046875
0.0413148915651058	0.0244049739170762	-0.0360205078125
-0.0377349820093326	0.0296766552698872	-0.0359912109375
-0.0139917896033798	-0.0459452996579206	-0.0359619140625
0.0479146426845481	0.00361026847598089	-0.0359326171875
-0.0207373955103315	0.0433694825653489	-0.0359033203125
-0.0329220210286059	-0.0350598769792156	-0.0358740234375
0.0446273113783902	-0.0179877362888111	-0.0358447265625
0.000593605359155762	0.0481342147435411	-0.0358154296875
-0.0450981552841276	-0.0168970141828319	-0.0357861328125
0.0321055010994758	-0.0359261114356991	-0.0357568359375
0.0218599269646893	0.0429614541843731	-0.0357275390625
-0.0479845494482942	0.0048081721024522	-0.0356982421875
0.0129128241844114	-0.0464863992139245	-0.0356689453125
0.0386648871587878	0.0288936318286507	-0.0356396484375
-0.0409593224088683	0.0255780524943072	-0.0356103515625
-0.00900096690260723	-0.0474654731583211	-0.0355810546875
0.0475222860134589	0.00881503536557579	-0.0355517578125
-0.0254481159297952	0.0411162761515132	-0.0355224609375
-0.0291128882781238	-0.0386351529172325	-0.0354931640625
0.0465796693780548	-0.0131395785601544	-0.0354638671875
-0.00463484298034578	0.0481965710120132	-0.0354345703125
-0.0432603517200348	-0.0217946915985232	-0.0354052734375
0.0360057237712251	-0.0324365247515773	-0.0353759765625
0.0171919011821957	0.0453326677883719	-0.0353466796875
-0.0485027741731072	-0.000404189049697432	-0.0353173828125
0.0179607952792492	-0.0450794944936666	-0.0352880859375
0.0355225884221523	0.033090232783051	-0.0352587890625
-0.0437328110981937	0.02112638430164	-0.0352294921875
-0.00384448287949094	-0.0484372398197002	-0.0352001953125
0.0465585369846005	0.0139753546270799	-0.0351708984375
-0.0299101568421108	0.0383464516911647	-0.0351416015625
-0.0249122795052617	-0.0417911999036147	-0.0351123046875
0.0479991745872124	-0.00807847768916709	-0.0350830078125
-0.0098685691858335	0.0476848895535537	-0.0350537109375
-0.0408854297880551	-0.0264890930502455	-0.0350244140625
0.0395216159144215	-0.0285198816362566	-0.0349951171875
0.012265101423773	0.0471906632390193	-0.0349658203125
-0.0484486467399706	-0.00567168045349434	-0.0349365234375
0.0228525828463792	-0.0431189632408256	-0.0349072265625
0.0319207626732754	0.0369404240781049	-0.0348779296875
-0.0460166621511364	0.0163719148412067	-0.0348486328125
0.0014167330942186	-0.0488426730657861	-0.0348193359375
0.0450287844142832	0.0190279204381806	-0.0347900390625
-0.0340664542980472	0.0350879964394266	-0.0347607421875
-0.0203669858071007	-0.0444849704466371	-0.0347314453125
0.0488626675793763	-0.00286367086954607	-0.0347021484375
-0.0150439469849873	0.0465990667678842	-0.0346728515625
-0.0379963723610779	-0.0309208636039247	-0.0346435546875
0.0426061789349468	-0.0242191385613337	-0.0346142578125
0.00713662299021026	0.0485072065702324	-0.0345849609375
-0.0478165556160504	-0.0109308320916938	-0.0345556640625
0.0275269797877898	-0.0406225965762473	-0.0345263671875
0.0278981979042473	0.0403935971850723	-0.0344970703125
-0.0477777640538024	0.0113691625144666	-0.0344677734375
0.00671984427701533	-0.0486706793146223	-0.0344384765625
0.0429454787861846	0.0239101276671352	-0.0344091796875
-0.0378631592334694	0.0313752263841986	-0.0343798828125
-0.0155285317180499	-0.046678709798279	-0.0343505859375
0.0491536399466702	0.00244311217127363	-0.0343212890625
-0.0200974392751928	0.0449461033504838	-0.0342919921875
-0.0346227526167838	-0.0350333085956748	-0.0342626953125
0.0452172848399303	-0.0195824304702962	-0.0342333984375
0.00186662172487068	0.049260482738585	-0.0342041015625
-0.0466079832446393	-0.016117649407983	-0.0341748046875
0.0319248634144622	-0.0376149889298725	-0.0341455078125
0.0234992680431508	0.0434035546090888	-0.0341162109375
-0.048989143600837	0.00617625282451365	-0.0340869140625
0.0120008780767998	-0.0479171956284536	-0.0340576171875
0.0403280366068446	0.0285608627346393	-0.0340283203125
-0.0412503399641917	0.0272484101946322	-0.0339990234375
-0.0104525698373998	-0.0483404743570361	-0.0339697265625
0.04886249791421	0.00777840152034417	-0.0339404296875
-0.0249663950448747	0.0427400770920718	-0.0339111328125
-0.0308004195885069	-0.0387731266043409	-0.0338818359375
0.0473182453977453	-0.0146625117732492	-0.0338525390625
-0.00348241352605864	0.0494354233719025	-0.0338232421875
-0.0448315476275002	-0.0211684103687296	-0.0337939453125
0.0359899535014473	-0.0341272876574698	-0.0337646484375
0.0187734245692118	0.0459291256709579	-0.0337353515625
-0.0496303554661702	0.000854221110049292	-0.0337060546875
0.0171955173190879	-0.0465852999063779	-0.0336767578125
0.03720265607969	0.0329212811578729	-0.0336474609375
-0.04418264009765	0.0227533153423488	-0.0336181640625
-0.00519821908863715	-0.0494445802830504	-0.0335888671875
0.0479867404587161	0.0130777666513892	-0.0335595703125
-0.0295898406558746	0.0400020261132662	-0.0335302734375
-0.0265711022802231	-0.0420911046775058	-0.0335009765625
0.0488783165738798	-0.0095161351293991	-0.0334716796875
-0.00884642296095653	0.0490239516218151	-0.0334423828125
-0.0425029541235278	-0.0260204646174224	-0.0334130859375
0.0396695397242506	-0.0301968582123473	-0.0333837890625
0.0137746205255049	0.0479347231168841	-0.0333544921875
-0.0496877920974638	-0.00453372626687386	-0.0333251953125
0.0222399013371659	-0.0446852317410664	-0.0332958984375
0.0336020459477626	0.0369355618422994	-0.0332666015625
-0.0466198832731494	0.0179406817236195	-0.0332373046875
0.000172645308339421	-0.049971976253921	-0.0332080078125
0.0465310492037267	0.0182766134862612	-0.0331787109375
-0.0339092554237473	0.0367597435235883	-0.0331494140625
-0.0219819369174348	-0.0449427667911555	-0.0331201171875
0.0498731314940889	-0.00420337555057261	-0.0330908203125
-0.0141605629090307	0.0480251405629491	-0.0330615234375
-0.0396448575828373	-0.0306130246065334	-0.0330322265625
0.0429151690915192	-0.0258668686525495	-0.0330029296875
0.00856067385670997	0.049390833180515	-0.0329736328125
-0.0491549095727512	-0.00992298314680609	-0.0329443359375
0.0270714267896782	-0.0422343231872513	-0.0329150390625
0.0295650704654652	0.040551628440167	-0.0328857421875
-0.0485276167814493	0.0128656290533925	-0.0328564453125
0.00559614142374396	-0.0499105352268216	-0.0328271484375
0.0445072884720446	0.023310988948357	-0.0327978515625
-0.0378693215911072	0.033047485621778	-0.0327685546875
-0.0170849229003713	-0.0472889670787492	-0.0327392578125
0.0502850560650955	0.00121309191631552	-0.0327099609375
-0.0193600081287916	0.0464452826634433	-0.0326806640625
-0.0362866360737209	-0.0348879386499171	-0.0326513671875
0.0456832844569985	-0.02118579830328	-0.0326220703125
0.00319257779914743	0.0502744325343229	-0.0325927734375
-0.0480323661053488	-0.0152483376302222	-0.0325634765625
0.0316295380728115	-0.0392568398290289	-0.0325341796875
0.0251363145358959	0.0437218284715787	-0.0325048828125
-0.0498775868561575	0.00758700516821474	-0.0324755859375
0.0110071604968701	-0.04925526107807	-0.0324462890625
0.0419344150084813	0.0281183828733449	-0.0324169921875
-0.0414186390713481	0.0289055968598135	-0.0323876953125
-0.011936313952868	-0.0490964200301668	-0.0323583984375
0.0501034623385752	0.0066687520458134	-0.0323291015625
-0.0243807592583987	0.0442978689683077	-0.0322998046875
-0.0324640785854434	-0.0387904360264425	-0.0322705078125
0.0479358057762862	-0.016206876375841	-0.0322412109375
-0.0022662332468668	0.0505693264667517	-0.0322119140625
-0.0463280709760786	-0.0204447790547672	-0.0321826171875
0.0358564972832021	-0.0357837336713415	-0.0321533203125
0.0203655740784359	0.0464035614004215	-0.0321240234375
-0.0506481392648507	0.00216668315326529	-0.0320947265625
0.0163401674184085	-0.0480084070522484	-0.0320654296875
0.0388382980279118	0.032638517134131	-0.0320361328125
-0.0445103957465645	0.0243800558603579	-0.0320068359375
-0.00659595180885576	-0.0503381606263234	-0.0319775390625
0.0493249157255401	0.0120980374357665	-0.0319482421875
-0.029160445250276	0.0416034777746199	-0.0319189453125
-0.0282189901892129	-0.0422698345777903	-0.0318896484375
0.0496406464641795	-0.0109874572550817	-0.0318603515625
-0.00775065333404022	0.0502664035950148	-0.0318310546875
-0.0440571427964249	-0.025448307775774	-0.0318017578125
0.03969812390509	-0.0318523105031827	-0.0317724609375
0.0153072776588754	0.0485598474665572	-0.0317431640625
-0.0508245397464634	-0.00333118410985892	-0.0317138671875
0.0215300118261166	-0.0461795040562317	-0.0316845703125
0.0352514513813326	0.0368141119559694	-0.0316552734375
-0.0471029846271052	0.0195219477943901	-0.0316259765625
-0.00112655053490266	-0.0509939282328576	-0.0315966796875
0.047953273241724	0.01743513486537	-0.0315673828125
-0.0336391106433282	0.0383895737215822	-0.0315380859375
-0.0235987191978424	-0.0452802016783966	-0.0315087890625
0.0507721579972831	-0.00558833999646091	-0.0314794921875
-0.0131947005586009	0.0493638034593614	-0.0314501953125
-0.0412417771482647	-0.0301967375561199	-0.0314208984375
0.0431044947367721	-0.0275058154728929	-0.0313916015625
0.0100198463082024	0.0501598297908637	-0.0313623046875
-0.0503992098324852	-0.00884094280509371	-0.0313330078125
0.026512739648331	-0.0437852979649706	-0.0313037109375
0.0312126807503389	0.040591619645251	-0.0312744140625
-0.0491605598161061	0.0143868693782369	-0.0312451171875
0.00440705975447024	-0.051050469013891	-0.0312158203125
0.0459996910772297	0.0226147999478592	-0.0311865234375
-0.0377599776758684	0.0346902193543219	-0.0311572265625
-0.0186556118694646	-0.0477809600065335	-0.0311279296875
0.0513114967848967	-7.30403096196876e-05	-0.0310986328125
-0.0185323287423097	0.0478669944302933	-0.0310693359375
-0.0379110247907518	-0.0346304804227934	-0.0310400390625
0.0460305950351468	-0.0227929416638294	-0.0310107421875
0.00456499926586676	0.0511792030814393	-0.0309814453125
-0.0493718746395518	-0.0142962408233546	-0.0309521484375
0.0312263948821129	-0.0408495962514925	-0.0309228515625
0.0267666498663187	0.0439219163255014	-0.0308935546875
-0.0506535239616406	0.00903427362608842	-0.0308642578125
0.00993872048377202	-0.0505017526342235	-0.0308349609375
0.0434825409215416	0.027573169869909	-0.0308056640625
-0.0414701735188051	0.0305457023337223	-0.0307763671875
-0.0134464011373378	-0.0497374302075608	-0.0307470703125
0.05124690828764	0.00549297606044577	-0.0307177734375
-0.0236982450792531	0.0457887604815477	-0.0306884765625
-0.0341004827584931	-0.0386933040270187	-0.0306591796875
0.0484369124348558	-0.0177672674508669	-0.0306298828125
-0.000992985902819737	0.0516005631682298	-0.0306005859375
-0.047749620317773	-0.0196308442142865	-0.0305712890625
0.0356118014739586	-0.0374030253989974	-0.0305419921875
0.0219633707877206	0.0467609427664546	-0.0305126953125
-0.0515589407135134	0.00352676228303431	-0.0304833984375
0.0154017537674133	-0.0493491000820573	-0.0304541015625
0.0404272356234336	0.0322485639924456	-0.0304248046875
-0.0447214133088526	0.0260020825411933	-0.0303955078125
-0.00803153670725054	-0.0511213033032154	-0.0303662109375
0.0505739243863373	0.0110430891207817	-0.0303369140625
-0.0286287235046985	0.0431490965248112	-0.0303076171875
-0.0298519017830756	-0.0423330518506197	-0.0302783203125
0.0502899658860986	-0.0124866293391215	-0.0302490234375
-0.00658804975582688	0.0514136725677371	-0.0302197265625
-0.0455468599685424	-0.0247794572638327	-0.0301904296875
0.0396133153807669	-0.0334827016832667	-0.0301611328125
0.0168576242470804	0.0490702859965156	-0.0301318359375
-0.051860866620296	-0.00207066544437486	-0.0301025390625
0.0207297830751532	-0.0476012205514634	-0.0300732421875
0.0368659659102029	0.036582262198602	-0.0300439453125
-0.047470630179968	0.0211106643545387	-0.0300146484375
-0.00247446463193972	-0.0519110365573503	-0.0299853515625
0.0492954710802784	0.0165103397461392	-0.0299560546875
-0.0332624035550564	0.0399750131528752	-0.0299267578125
-0.0252127145377432	-0.045502317030333	-0.0298974609375
0.0515627626419359	-0.00701243782624556	-0.0298681640625
-0.0121531544332269	0.0506156383175089	-0.0298388671875
-0.0427852079933381	-0.0296785359266745	-0.0298095703125
0.0431795372237603	-0.0291318190151187	-0.0297802734375
0.0115083169838988	0.0508176941013234	-0.0297509765625
-0.0515505978940765	-0.00769139865803941	-0.0297216796875
0.0258575551765329	-0.0452741564604854	-0.0296923828125
0.0328373510171309	0.040519251114035	-0.0296630859375
-0.049680544123588	0.015927400333497	-0.0296337890625
0.00315913485918408	-0.0520921674463805	-0.0296044921875
0.0474218847106641	0.0218282540006287	-0.0295751953125
-0.0375410646297637	0.0363002527812802	-0.0295458984375
-0.02023549021976	-0.0481590611179934	-0.0295166015625
0.0522351772031596	-0.00140894457700033	-0.0294873046875
-0.017621104190624	0.0492109994088909	-0.0294580078125
-0.0394932639871873	-0.0342670843842222	-0.0294287109375
0.0462639764054678	-0.0243991585907382	-0.0293994140625
0.0059777838004226	0.0519775174207842	-0.0293701171875
-0.0506268285228489	-0.0132680253658048	-0.0293408203125
0.0307217530724021	-0.0423911368322583	-0.0293115234375
0.0283860071725234	0.0440089286888907	-0.0292822265625
-0.0513201622441011	0.0105122334419153	-0.0292529296875
0.00880214193653393	-0.051657541391062	-0.0292236328125
0.044970836048278	0.0269316663852665	-0.0291943359375
-0.0414103658342004	0.0321649203008579	-0.0291650390625
-0.0149773219329705	-0.0502671697522319	-0.0291357421875
0.0522942470855425	0.00425753015569738	-0.0291064453125
-0.022925372817721	0.0472117222722503	-0.0290771484375
-0.0357063084314886	-0.0384874246709022	-0.0290478515625
0.0488256581331527	-0.019338526099811	-0.0290185546875
0.000331042802753873	0.0525310702550705	-0.0289892578125
-0.0490957173104946	-0.0187331578829219	-0.0289599609375
0.0352617896927342	-0.0389823404193252	-0.0289306640625
0.0235620389314517	0.0470057581162782	-0.0289013671875
-0.0523652038087332	0.00492838573367462	-0.0288720703125
0.0143868143700482	-0.0506074499724578	-0.0288427734375
0.0419671627390536	0.0317575317053459	-0.0288134765625
-0.0448205419768185	0.0276150324392705	-0.0287841796875
-0.00949915420325157	-0.0517969379776666	-0.0287548828125
0.0517343812987037	0.00991940039456214	-0.0287255859375
-0.0280009276258336	0.0446371039174169	-0.0286962890625
-0.0314659135581433	-0.0422859296087158	-0.0286669921875
0.0508296654754269	-0.0140081231735235	-0.0286376953125
-0.00536498708900451	0.0524669081648239	-0.0286083984375
-0.0469708625583083	-0.0240202627880884	-0.0285791015625
0.0394205723416896	-0.0350845710898569	-0.0285498046875
0.0184204593395935	0.0494698626623878	-0.0285205078125
-0.0527984444088142	-0.000758397866711503	-0.0284912109375
0.019845617246792	-0.0489496774656657	-0.0284619140625
0.0384426117536533	0.0362457153526725	-0.0284326171875
-0.0477270468058196	0.0227019910673188	-0.0284033203125
-0.0038650587393604	-0.0527254788020886	-0.0283740234375
0.0505574785049561	0.0155086377002625	-0.0283447265625
-0.0327850396897868	0.0415135834896405	-0.0283154296875
-0.0268194738340811	-0.0456137097129432	-0.0282861328125
0.0522476093626209	-0.00846986060641932	-0.0282568359375
-0.0110422967681859	0.0517810169903831	-0.0282275390625
-0.0442731842555538	-0.0290644850876268	-0.0281982421875
0.0431452281984885	-0.0307408491047618	-0.0281689453125
0.0130205458250482	0.0513675536913305	-0.0281396484375
-0.0526099745417783	-0.00648064146100504	-0.0281103515625
0.0251120549041433	-0.0466994546662906	-0.0280810546875
0.0344354946220292	0.0403397520290475	-0.0280517578125
-0.0500911351982559	0.0174819866593113	-0.0280224609375
0.00185853276700921	-0.0530370495194059	-0.0279931640625
0.0487729529471483	0.0209576046516561	-0.0279638671875
-0.0372180701627948	0.0378744641521603	-0.0279345703125
-0.0218196615406147	-0.0484272452719683	-0.0279052734375
0.0530580203174868	-0.00278862164448827	-0.0278759765625
-0.0166326157239369	0.0504769108064432	-0.0278466796875
-0.0410307148054364	-0.0338034562732536	-0.0278173828125
0.0463877816325276	-0.0259999229834061	-0.0277880859375
0.00742513954799978	0.0526717849752252	-0.0277587890625
-0.0517973689774536	-0.0121699560408779	-0.0277294921875
0.0301214947091669	-0.0438793201421237	-0.0277001953125
0.0299902593377751	0.0439875632936692	-0.0276708984375
-0.0518803767467216	0.0120153390163666	-0.0276416015625
0.00760362943680462	-0.0527232913353522	-0.0276123046875
0.0463976673825213	0.0261998881958776	-0.0275830078125
-0.0412442227422469	0.0337595483376277	-0.0275537109375
-0.0165238138814033	-0.0506889554570697	-0.0275244140625
0.0532466566586899	0.00296851570944679	-0.0274951171875
-0.0220682487291277	0.0485656371582914	-0.0274658203125
-0.0372783004619317	-0.0381780761214267	-0.0274365234375
0.049105774659453	-0.0209157076678467	-0.0274072265625
0.00169989667610655	0.0533625272763282	-0.0273779296875
-0.05036576437519	-0.017757873245124	-0.0273486328125
0.0348119723756988	-0.0405188902025661	-0.0273193359375
0.0251569838751981	0.0471421247958792	-0.0272900390625
-0.0530690940187107	0.00636578317411965	-0.0272607421875
0.01330150577188	-0.0517833789008883	-0.0272314453125
0.0434557734207697	0.0311711224819855	-0.0272021484375
-0.0448122527508059	0.0292146905059805	-0.0271728515625
-0.0109932589344306	-0.0523676970748882	-0.0271435546875
0.0528067249450946	0.00873308787602683	-0.0271142578125
-0.0272829100470541	0.0460656890796008	-0.0270849609375
-0.0330572167792438	-0.0421332583708788	-0.0270556640625
0.0512628225429311	-0.0155466556396665	-0.0270263671875
-0.00408749931275179	0.0534270581626032	-0.0269970703125
-0.0483278437566498	-0.0231766846994239	-0.0269677734375
0.0391249687038948	-0.0366545400245439	-0.0269384765625
0.0199907972610023	0.049762074649429	-0.0269091796875
-0.0536387196803123	0.000599709132116463	-0.0268798828125
0.0188835398395649	-0.0502240774722691	-0.0268505859375
0.0399784608238423	0.0358097908843702	-0.0268212890625
-0.0478761238025141	0.024291272594726	-0.0267919921875
-0.00529258855589958	-0.0534391864270804	-0.0267626953125
0.0517390095100039	0.0144360764373703	-0.0267333984375
-0.0322125447609483	0.043002824555645	-0.0267041015625
-0.0284147024623117	-0.0456186308306379	-0.0266748046875
0.0528290973274951	-0.00995506850684881	-0.0266455078125
-0.00986815467711653	0.052860163058763	-0.0266162109375
-0.0457037275981043	-0.0283602765196589	-0.0265869140625
0.0430061479446626	-0.0323289994940146	-0.0265576171875
0.0145512350714494	0.0518122551071927	-0.0265283203125
-0.0535780676680743	-0.00521463534814026	-0.0264990234375
0.0242820547074968	-0.0480597065626561	-0.0264697265625
0.0360036184689288	0.0400579971426952	-0.0264404296875
-0.0503956036458385	0.0190456083318972	-0.0264111328125
0.000511112962552049	-0.0538863386778722	-0.0263818359375
0.0500519090585342	0.0200087501997411	-0.0263525390625
-0.0367961269530303	0.0394097952544123	-0.0263232421875
-0.0234034170435078	-0.0485891810035002	-0.0262939453125
0.0537817329611009	-0.00420635734993647	-0.0262646484375
-0.0155728017821326	0.0516642446286253	-0.0262353515625
-0.0425207724715819	-0.0332449485807351	-0.0262060546875
0.0464060484350747	-0.0275908684000199	-0.0261767578125
0.00890153706904985	0.0532641804999405	-0.0261474609375
-0.0528835146483	-0.011007969133649	-0.0261181640625
0.0294311526849584	-0.0453120101132983	-0.0260888671875
0.0315754107888055	0.0438621958940276	-0.0260595703125
-0.0523367915027167	0.01353828349423	-0.0260302734375
0.00634907509745119	-0.0536995201394133	-0.0260009765625
0.0477613794541123	0.025383508166725	-0.0259716796875
-0.0409764247102177	0.0353259874876495	-0.0259423828125
-0.0180808287808645	-0.051005838957837	-0.0259130859375
0.0541051466212675	0.00163173921297196	-0.0258837890625
-0.0211326444889337	0.0498493387180898	-0.0258544921875
-0.0388132793215058	-0.0377702083047208	-0.0258251953125
0.0492807167111449	-0.022494056642546	-0.0257958984375
0.0031078954446637	0.0540964252961729	-0.0257666015625
-0.0515590891085799	-0.0167108191814857	-0.0257373046875
0.0342675319765452	-0.04200993437925	-0.0257080078125
0.0267437745725587	0.0471738733432021	-0.0256787109375
-0.0536725700497423	0.00783344001738265	-0.0256494140625
0.0121516723012596	-0.0528767099542092	-0.0256201171875
0.0448907829871605	0.0304947129603313	-0.0255908203125
-0.0447007223107895	0.0307969794695491	-0.0255615234375
-0.0125085400678232	-0.0528359899323636	-0.0255322265625
0.0537912718840876	0.00748996972267549	-0.0255029296875
-0.0264802021093372	0.0474330362467192	-0.0254736328125
-0.0346221145980319	-0.0418795290023705	-0.0254443359375
0.0515922769777952	-0.0170971560704715	-0.0254150390625
-0.00276133722332655	0.0542949271141315	-0.0253857421875
-0.0496164665685285	-0.0222543687029827	-0.0253564453125
0.0387312755367062	-0.0381893158792428	-0.0253271484375
0.0215638420203292	0.0499501694055586	-0.0252978515625
-0.0543829761016832	0.00199801259469956	-0.0252685546875
0.017849270011856	-0.0514235687707302	-0.0252392578125
0.0414706455855365	0.0352795043084303	-0.0252099609375
-0.0479214904449914	0.0258740199988737	-0.0251806640625
-0.00675155844887561	-0.0540539100076115	-0.0251513671875
0.0528397004583347	0.0132984073740906	-0.0251220703125
-0.0315501414506846	0.0444403116061993	-0.0250927734375
-0.0299942485659055	-0.0455210632077908	-0.0250634765625
0.0533094285913513	-0.0114627514427199	-0.0250341796875
-0.0086364706452848	0.053853200557871	-0.0250048828125
-0.0470748705607773	-0.027571301542811	-0.0249755859375
0.0427666022225933	-0.0338924828884618	-0.0249462890625
0.0160952968856784	0.0521544333541257	-0.0249169921875
-0.0544554850492893	-0.00389907297684879	-0.0248876953125
0.023373075038706	-0.0493534131581344	-0.0248583984375
0.0375383245788554	0.0396785824269411	-0.0248291015625
-0.0505969959370253	0.0206134346873708	-0.0247998046875
-0.000877522043020433	-0.0546411191116625	-0.0247705078125
0.0512577303338247	0.0189873000284675	-0.0247412109375
-0.0362800865881705	0.0409032592897249	-0.0247119140625
-0.0249822161544568	-0.0486483019722922	-0.0246826171875
0.0544078650807557	-0.00565667878914452	-0.0246533203125
-0.0144473200695417	0.052772458845099	-0.0246240234375
-0.0439608802054477	-0.0325966322935074	-0.0245947265625
0.046322570776958	-0.0291677750416828	-0.0245654296875
0.0104016713964624	0.0537567058027868	-0.0245361328125
-0.0538852051591612	-0.00978772993536107	-0.0245068359375
0.0286559798103778	-0.046687095674833	-0.0244775390625
0.0331375907505885	0.0436369514653333	-0.0244482421875
-0.0526918431585349	0.0150759667809892	-0.0244189453125
0.00504411122594257	-0.054586646636659	-0.0243896484375
0.0490603193503252	0.0244879222678347	-0.0243603515625
-0.0406113962411057	0.0368607416249563	-0.0243310546875
-0.0196435066971627	-0.0512206717240327	-0.0243017578125
0.0548706091864044	0.000252759867081408	-0.0242724609375
-0.0201240597501512	0.0510616413309546	-0.0242431640625
-0.0403081463660253	-0.037268511807707	-0.0242138671875
0.0493537277263525	-0.0240689866490637	-0.0241845703125
0.0045495924090286	0.054734120748134	-0.0241552734375
-0.0526749789511292	-0.0155975590206866	-0.0241259765625
0.0336333900065051	-0.0434527916791125	-0.0240966796875
0.0283181294917922	0.0471046136449782	-0.0240673828125
-0.0541774401462132	0.00932606045792413	-0.0240380859375
0.010942900708572	-0.0538872060125102	-0.0240087890625
0.0462699443659663	0.0297334189557813	-0.0239794921875
-0.0444898989981474	0.0323579515981427	-0.0239501953125
-0.0140398898155672	-0.0532040610471564	-0.0239208984375
0.0546882594210992	0.00619561589103986	-0.0238916015625
-0.0255980761158595	0.0487373461953724	-0.0238623046875
-0.0361570195184894	-0.0415289980393085	-0.0238330078125
0.0518206909461884	-0.0186547402947233	-0.0238037109375
-0.00139201408969854	0.0550712223648512	-0.0237744140625
-0.0508353900140267	-0.0212587048493948	-0.0237451171875
0.0382440252685777	-0.0396856951326496	-0.0237158203125
0.0231349668917616	0.0500372053012742	-0.0236865234375
-0.055032383347321	0.00343109523097913	-0.0236572265625
0.0167482761749451	-0.0525472757034113	-0.0236279296875
0.0429163673779083	0.0346596298373944	-0.0235986328125
-0.0478665771258574	0.0274458958265096	-0.0235693359375
-0.0082366855207716	-0.0545712705786468	-0.0235400390625
0.0538591447412421	0.0121011375306142	-0.0235107421875
-0.0308028100905327	0.0458236687374838	-0.0234814453125
-0.0315540935726388	-0.0453247825419452	-0.0234521484375
0.053690661415122	-0.0129877981770514	-0.0234228515625
-0.00735275046767132	0.0547601922900487	-0.0233935546875
-0.0483846747897995	-0.0267027096444608	-0.0233642578125
0.042430682982075	-0.0354276267864502	-0.0233349609375
0.0176478275539254	0.0523965667313499	-0.0233056640625
-0.0552427559075113	-0.00253941928318335	-0.0232763671875
0.0223903965472695	-0.0505790852461935	-0.0232470703125
0.0390363111081762	0.0392058849112044	-0.0232177734375
-0.050698190302768	0.0221808037441098	-0.0231884765625
-0.00230198732597801	-0.0553023801526944	-0.0231591796875
0.0523893850459157	0.0178986271984976	-0.0231298828125
-0.035674578114264	0.0423519468940149	-0.0231005859375
-0.0265516709431749	-0.0486078634700182	-0.0230712890625
0.0549378565476854	-0.0071343194473709	-0.0230419921875
-0.0132615968281189	0.0538009842291242	-0.0230126953125
-0.0453485400340139	-0.0318633537633213	-0.0229833984375
0.0461409555484076	-0.0307265592368932	-0.0229541015625
0.011920431794958	0.0541512385441158	-0.0229248046875
-0.0548023354708328	-0.00851467844078981	-0.0228955078125
0.027801003637035	-0.0480025061234861	-0.0228662109375
0.0346730476995857	0.043315760634257	-0.0228369140625
-0.0529478313368761	0.0166234700032868	-0.0228076171875
0.0036941522243867	-0.0553850283297229	-0.0227783203125
0.0502928563823916	0.0235183020122671	-0.0227490234375
-0.040153361643585	0.0383604167553575	-0.0227197265625
-0.0212071551617655	-0.0513361565618368	-0.0226904296875
0.0555438594446724	-0.00116307250191529	-0.0226611328125
-0.0190477718855031	0.0522013638547492	-0.0226318359375
-0.0417598878333414	-0.0366774725966077	-0.0226025390625
0.0493278921088376	-0.0256360643867842	-0.0225732421875
0.00601974066281897	0.055276878096537	-0.0225439453125
-0.0537127085710809	-0.0144234373050918	-0.0225146484375
0.0329142603306657	-0.0448448484443414	-0.0224853515625
0.0298759052565749	0.0469377874741894	-0.0224560546875
-0.0545854067426081	0.0108385379439991	-0.0224267578125
0.00968056370540826	-0.0548146005175509	-0.0223974609375
0.0475910609147089	0.0288921469864314	-0.0223681640625
-0.044183555266929	0.0338937819777237	-0.0223388671875
-0.0155823782418057	-0.0534740363241912	-0.0223095703125
0.0554978794250642	0.00485538823074571	-0.0222802734375
-0.0246415947621601	0.0499768531381535	-0.0222509765625
-0.0376584512128479	-0.0410857396685967	-0.0222216796875
0.0519505963426755	-0.0202146898255661	-0.0221923828125
1.51578837837356e-05	0.0557565905697752	-0.0221630859375
-0.0519832898419286	-0.0201948745712073	-0.0221337890625
0.0376675628259408	-0.0411405655756767	-0.0221044921875
0.0246996979989384	0.0500260998947171	-0.0220751953125
-0.0555880359604943	0.00489373274078424	-0.0220458984375
0.0155858203644919	-0.0535943230128333	-0.0220166015625
0.0443129028922	0.0339547503281278	-0.0219873046875
-0.0477146640512357	0.0290027020703918	-0.0219580078125
-0.00974287083846637	-0.0549928004782856	-0.0219287109375
0.0547969202873602	0.0108495709933557	-0.0218994140625
-0.0299753370840426	0.0471505794333754	-0.0218701171875
-0.0330903444834946	-0.0450334061563274	-0.0218408203125
0.0539747527264462	-0.0145252715449446	-0.0218115234375
-0.00602230158847203	0.055581170278768	-0.0217822265625
-0.0496312454466416	-0.0257594550684967	-0.0217529296875
0.0420023168093078	-0.0369308700151812	-0.0217236328125
0.019204086762317	0.0525410205444879	-0.0216943359375
-0.0559403639912592	-0.00114094651311176	-0.0216650390625
0.0213391045487359	-0.0517352614476254	-0.0216357421875
0.0404943730233608	0.0386441104749852	-0.0216064453125
-0.0507019413356755	0.0237432055565337	-0.0215771484375
-0.00375708398127896	-0.0558710516546636	-0.0215478515625
0.0534458538795556	0.0167479105337431	-0.0215185546875
-0.0349840548412954	0.043753030815352	-0.0214892578125
-0.0281075335493365	-0.048470987552699	-0.0214599609375
0.0553730745024357	-0.00863419121794126	-0.0214306640625
-0.0120208663044254	0.0547492489062355	-0.0214013671875
-0.0466813213123381	-0.0310497802100403	-0.0213720703125
0.0458646678789798	-0.0322632649052514	-0.0213427734375
0.0134528774614884	0.0544495712088345	-0.0213134765625
-0.0556347832709819	-0.00719406598670655	-0.0212841796875
0.0268710703625827	-0.0492562233042285	-0.0212548828125
0.0361781448014643	0.0429024048315953	-0.0212255859375
-0.053106958896733	0.0181760349559429	-0.0211962890625
0.00230442821664557	-0.0560949913301414	-0.0211669921875
0.0514573977212815	0.0224796364879366	-0.0211376953125
-0.0396063896956211	0.039821720338056	-0.0211083984375
-0.0227672324003489	-0.0513548888242036	-0.0210791015625
0.0561256675526625	-0.00261058698114183	-0.0210498046875
-0.0179088758938639	0.0532673484934515	-0.0210205078125
-0.0431655779329606	-0.0360014158761969	-0.0209912109375
0.0492061770538711	-0.027190996645571	-0.0209619140625
0.00751326592505293	0.0557259039659387	-0.0209326171875
-0.0546715617239246	-0.0131936173424927	-0.0209033203125
0.0321146919232223	-0.0461835653475045	-0.0208740234375
0.0314130874287208	0.0466767106031493	-0.0208447265625
-0.0548981022211759	0.0123659314019634	-0.0208154296875
0.00836985495681426	-0.0556586220697477	-0.0207861328125
0.0488519966045779	0.0279756356426447	-0.0207568359375
-0.0437853297637582	0.0354007630128432	-0.0207275390625
-0.0171312329496656	-0.0536479601473522	-0.0206982421875
0.0562203053964186	0.00347447273730972	-0.0206689453125
-0.0236156508566387	0.0511498381912762	-0.0206396484375
-0.0391230346665671	-0.0405536874642584	-0.0206103515625
0.0519844328600159	-0.021772435053816	-0.0205810546875
0.00145503819796168	0.0563516469560457	-0.0205517578125
-0.0530588750802799	-0.0190678885114227	-0.0205224609375
0.0370060867281435	-0.0425509080017875	-0.0204931640625
0.026253701031051	0.0499196686878484	-0.0204638671875
-0.0560509845265641	0.00638086747600689	-0.0204345703125
0.0143669939549707	-0.0545638552582082	-0.0204052734375
0.0456576092862478	0.0331692974509378	-0.0203759765625
-0.047468920375468	0.0305403703985684	-0.0203466796875
-0.0112651762187853	-0.0553199761425296	-0.0203173828125
0.0556526116135803	0.00954884231624977	-0.0202880859375
-0.0290723538814163	0.0484187949614076	-0.0202587890625
-0.0345992275794515	-0.0446504322122553	-0.0202294921875
0.0541635922437821	-0.0160703884391811	-0.0202001953125
-0.00465026401284543	0.0563161602103241	-0.0201708984375
-0.0508127427233489	-0.0247463343432569	-0.0201416015625
0.0414853039244912	-0.0383987598556225	-0.0201123046875
0.0207594808328688	0.0525900822660777	-0.0200830078125
-0.0565487741542585	0.000291237507636017	-0.0200537109375
0.0202241248727539	-0.0528205226648205	-0.0200244140625
0.0419094025612164	0.0379973323487327	-0.0199951171875
-0.0506109158952229	0.0252962687267438	-0.0199658203125
-0.00523777362387559	-0.0563480324473805	-0.0199365234375
0.0544261471283635	0.0155401685753733	-0.0199072265625
-0.0342128320776476	0.045103769604829	-0.0198779296875
-0.0296456859698054	-0.048240699402623	-0.0198486328125
0.0557148434174006	-0.0101513617791437	-0.0198193359375
-0.0107302026162499	0.0556166980835697	-0.0197900390625
-0.0479568675200278	-0.0301604364336072	-0.0197607421875
0.0454970676733192	-0.0337740565968797	-0.0197314453125
0.0149942178583059	0.0546534425060707	-0.0197021484375
-0.0563824310134368	-0.00583098485805627	-0.0196728515625
0.0258708802797125	-0.0504462913680677	-0.0196435546875
0.0376493561559905	0.0424005527263992	-0.0196142578125
-0.0531713643976886	0.0197290474469705	-0.0195849609375
0.000880012243374133	-0.0567168544748927	-0.0195556640625
0.0525524009553481	0.0213767663197044	-0.0195263671875
-0.0389744297103731	0.041241460667399	-0.0194970703125
-0.0243193337225151	-0.0512793896675761	-0.0194677734375
0.0566167846858978	-0.00408476691621791	-0.0194384765625
-0.0167123166687786	0.054258475977683	-0.0194091796875
-0.0445223812747985	-0.0352445415319201	-0.0193798828125
0.0489914663275509	-0.0287296197495176	-0.0193505859375
0.00902524453075357	0.0560823746833479	-0.0193212890625
-0.055550848864857	-0.011913111593167	-0.0192919921875
0.0312391034425672	-0.0474664827578617	-0.0192626953125
0.0329257829925764	0.0463246068398874	-0.0192333984375
-0.0551171177921714	0.0139034459563478	-0.0192041015625
0.00701581741820423	-0.0564190142695763	-0.0191748046875
0.0500506841969591	0.0269884890651139	-0.0191455078125
-0.0432987613619156	0.0368752999162974	-0.0191162109375
-0.0186818225918873	-0.0537278253441919	-0.0190869140625
0.0568557143240843	0.00205790569094437	-0.0190576171875
-0.0225249994867135	0.0522546402170033	-0.0190283203125
-0.0405474986168552	-0.0399366681677059	-0.0189990234375
0.0519245787843116	-0.0233235415881851	-0.0189697265625
0.00292263424626363	0.0568569989738769	-0.0189404296875
-0.0540609013852886	-0.0178826171786484	-0.0189111328125
0.0362636823714962	-0.0439137975184175	-0.0188818359375
0.0277927704293806	0.0497206564996547	-0.0188525390625
-0.0564222608896905	0.00788758706109956	-0.0188232421875
0.0130967466223942	-0.0554550524974918	-0.0187939453125
0.0469479282738716	0.0323075842459389	-0.0187646484375
-0.0471324359033125	0.0320549541826168	-0.0187353515625
-0.0127988053686207	-0.0555542446547915	-0.0187060546875
0.0564258276552724	0.00820394362673929	-0.0186767578125
-0.0280983685887288	0.0496261411278003	-0.0186474609375
-0.0360770832665278	-0.0441792714960518	-0.0186181640625
0.0542590301229903	-0.0176185035345775	-0.0185888671875
-0.00324163541067874	0.0569652012168798	-0.0185595703125
-0.0519273911342687	-0.0236680167382092	-0.0185302734375
0.040883349815852	-0.0398279496593599	-0.0185009765625
0.0223095490762775	0.0525459900423959	-0.0184716796875
-0.0570684538874747	0.00175216639916997	-0.0184423828125
0.0190502529757141	-0.0538335037668879	-0.0184130859375
0.0432783895535676	0.0372695223655355	-0.0183837890625
-0.050427722238841	0.0268357494089749	-0.0183544921875
-0.00673915765058816	-0.0567342134070725	-0.0183251953125
0.0553293186165493	0.0142802871747406	-0.0182958984375
-0.0333651177793585	0.0464015105672909	-0.0182666015625
-0.0311621317186823	-0.0479199568497592	-0.0182373046875
0.0559644694896432	-0.0116810361801825	-0.0182080078125
-0.00939454566583014	0.0564028100397795	-0.0181787109375
-0.0491729017389269	-0.0291997346522494	-0.0181494140625
0.0450414392931889	-0.0352552137918528	-0.0181201171875
0.0165397966907508	0.0547645628655015	-0.0180908203125
-0.0570451837974217	-0.00443039237935187	-0.0180615234375
0.024805016606172	-0.0515708246624601	-0.0180322265625
0.0390832637010695	0.0418137898442558	-0.0180029296875
-0.0531431484788892	0.0212780237163173	-0.0179736328125
-0.000574157593444441	-0.0572509489075948	-0.0179443359375
0.0535763842647416	0.0202144113074275	-0.0179150390625
-0.0382613408738783	0.0426165463281009	-0.0178857421875
-0.0258591804106792	-0.0511121330927368	-0.0178564453125
0.0570179641276425	-0.00558072982021322	-0.0178271484375
-0.0154629152746293	0.0551736778814758	-0.0177978515625
-0.0458275548055975	-0.0344109529780458	-0.0177685546875
0.0486865877502744	-0.0302478909264181	-0.0177392578125
0.010550885482836	0.0563474586749066	-0.0177099609375
-0.0563499214545228	-0.0105868064296146	-0.0176806640625
0.0302918113907203	-0.0486912250727077	-0.0176513671875
0.0344102141967642	0.0458846357382742	-0.0176220703125
-0.0552440269948791	0.0154464171951252	-0.0175927734375
0.00562336643974355	-0.0570955518488339	-0.0175634765625
0.0511851318683189	0.025935204227252	-0.0175341796875
-0.0427273168866182	0.0383139069972139	-0.0175048828125
-0.020229643402012	-0.0537155975855103	-0.0174755859375
0.0574043044702674	0.000610594982399899	-0.0174462890625
-0.0213742842478875	0.0532896646267461	-0.0174169921875
-0.0419286742439015	-0.0392384292227461	-0.0173876953125
0.0517733760869291	-0.0248636990861455	-0.0173583984375
0.00441308187378593	0.0572732655556833	-0.0173291015625
-0.0549881818946688	-0.016643815959484	-0.0172998046875
0.035444349175712	-0.0452264045819318	-0.0172705078125
0.0293128205344053	0.0494317630448923	-0.0172412109375
-0.0567028987014316	0.00940910692681865	-0.0172119140625
0.0117799099899015	-0.0562671430518526	-0.0171826171875
0.0481813894283574	0.0313738316915506	-0.0171533203125
-0.0467082469524173	0.0335426219598878	-0.0171240234375
-0.0143390884652599	-0.0556970453950549	-0.0170947265625
0.0571162162926436	0.0068197467689751	-0.0170654296875
-0.0270577917788306	0.0507705237598383	-0.0170361328125
-0.0375203618352959	-0.0436232733657554	-0.0170068359375
0.0542628995154448	-0.0191650959704883	-0.0169775390625
-0.00180129163647208	0.0575283620068764	-0.0169482421875
-0.052973487074563	-0.022529069147964	-0.0169189453125
0.0402000910764886	-0.0412151968708106	-0.0168896484375
0.0238499526148152	0.0524109559678124	-0.0168603515625
-0.0574998908884342	0.00323699643567027	-0.0168310546875
0.0178221777403884	-0.0547729031091113	-0.0168017578125
0.0445984216622038	0.0364645765002188	-0.0167724609375
-0.0501549338198232	0.0283575222948932	-0.0167431640625
-0.00825646026631935	-0.0570304962937313	-0.0167138671875
0.0561544770531172	0.012973042063378	-0.0166845703125
-0.0324450376114922	0.0476436921439865	-0.0166552734375
-0.032652988979697	-0.0475116745025366	-0.0166259765625
0.0561232605709673	-0.0132185417589774	-0.0165966796875
-0.00801872234883659	0.0571071091777228	-0.0165673828125
-0.0503272311051266	-0.028171998914082	-0.0165380859375
0.0445010158332749	-0.0367031262087645	-0.0165087890625
0.0180850787748893	0.0547846352816935	-0.0164794921875
-0.0576229839741202	-0.00299713064428032	-0.0164501953125
0.0236779690847006	-0.0526280141609891	-0.0164208984375
0.0404765546507106	0.0411456428048498	-0.0163916015625
-0.0530243954377503	0.022818599294753	-0.0163623046875
-0.00205325998405426	-0.0576976340869771	-0.0163330078125
0.0545279347253398	0.0189971930625428	-0.0163037109375
-0.0374709162660162	0.0439439857216833	-0.0162744140625
-0.0273826105962748	-0.0508555680776174	-0.0162451171875
0.0573299785213341	-0.00709371090023267	-0.0162158203125
-0.0141653904802623	0.0560119466859433	-0.0161865234375
-0.0470784493682715	-0.0335046807907066	-0.0161572265625
0.0482943357046055	-0.031741881211515	-0.0161279296875
0.0120855157258677	0.0565223347996887	-0.0160986328125
-0.0570681836585443	-0.00921948243896749	-0.0160693359375
0.0292770531946477	-0.0498555042408684	-0.0160400390625
0.0358627134810752	0.0453599153039301	-0.0160107421875
-0.0552804049468644	0.0169902982503035	-0.0159814453125
0.00419730872219645	-0.0576880538735581	-0.0159521484375
0.05225342861647	0.0248201933099254	-0.0159228515625
-0.0420744138456404	0.0397132045916876	-0.0158935546875
-0.0217703081262894	-0.0536132353821792	-0.0158642578125
0.0578663099370046	-0.000862662380290559	-0.0158349609375
-0.0201680587663299	0.0542533905773755	-0.0158056640625
-0.0432634940718925	-0.0384626613621119	-0.0157763671875
0.0515331510001614	-0.026388712067241	-0.0157470703125
0.00592162940813442	0.0576010929003967	-0.0157177734375
-0.0558395961107048	-0.0153561456538171	-0.0156884765625
0.0345520228638396	-0.0464859958216589	-0.0156591796875
0.0308098782957432	0.0490556639203773	-0.0156298828125
-0.0568939502721941	0.0109407559533965	-0.0156005859375
0.0104212170514299	-0.0569994139627686	-0.0155712890625
0.0493556128698626	0.0303721905216589	-0.0155419921875
-0.0461993575836159	0.0349996520411666	-0.0155126953125
-0.0158814694731626	-0.0557498278042061	-0.0154833984375
0.0577234762606469	0.00540102150361154	-0.0154541015625
-0.0259549576974975	0.0518499331848518	-0.0154248046875
-0.0389256199528254	-0.0429857470620606	-0.0153955078125
0.0541770350886002	-0.020705758388256	-0.0153662109375
-0.000334003605137647	0.058005754099324	-0.0153369140625
-0.0539494050079215	-0.0213339765475686	-0.0153076171875
0.0394391166362007	-0.0425573613771437	-0.0152783203125
0.025376465173824	0.0521871852036903	-0.0152490234375
-0.0578436074854126	0.004740991081647	-0.0152197265625
0.0165445010503561	-0.0556374903361383	-0.0151904296875
0.0458666845473093	0.0355863358675679	-0.0151611328125
-0.0497951088469607	0.0298575731780048	-0.0151318359375
-0.00978501450741325	-0.0572378092256803	-0.0151025390625
0.0569007953480725	0.0116231174266518	-0.0150732421875
-0.0314566555637753	0.0488278458482096	-0.0150439453125
-0.0341144849495781	-0.0470187435915007	-0.0150146484375
0.0561925425494843	-0.0147593157149196	-0.0149853515625
-0.00660746401759173	0.0577291767431404	-0.0149560546875
-0.0514177504484028	-0.0270814851888287	-0.0149267578125
0.0438789990945938	-0.0381142899195604	-0.0148974609375
0.0196256392081208	0.0547153724567717	-0.0148681640625
-0.058115823149968	-0.00153594277021547	-0.0148388671875
0.0224941534169213	-0.0536161327327431	-0.0148095703125
0.0418260193615408	0.0403995992737644	-0.0147802734375
-0.05281719098616	0.0243465198084671	-0.0147509765625
-0.00355257545206237	-0.0580573109507843	-0.0147216796875
0.0554057151241314	0.0177296536591823	-0.0146923828125
-0.0366069026442742	0.0452208866518794	-0.0146630859375
-0.0288855717211427	-0.0505121367991592	-0.0146337890625
0.05755363406602	-0.00861904946846888	-0.0146044921875
-0.0128243765107274	0.0567723440480802	-0.0145751953125
-0.0482725109620723	-0.0325297021821987	-0.0145458984375
0.0478174896752916	-0.0332077695762453	-0.0145166015625
0.0136245679899708	0.0566082074436049	-0.0144873046875
-0.057705101968796	-0.00781583116914319	-0.0144580078125
0.0281990062361408	-0.0509571226422387	-0.0144287109375
0.0372797192698821	0.0447535407070262	-0.0143994140625
-0.0552278442003586	0.0185306491251234	-0.0143701171875
0.00274235796109885	-0.0581963946097848	-0.0143408203125
0.0532537486940967	0.0236478021584224	-0.0143115234375
-0.0413434391720924	0.0410699165063787	-0.0142822265625
-0.0232995368723537	-0.0534227065661879	-0.0142529296875
0.0582420126621628	-0.00235716581420058	-0.0142236328125
-0.018910804462444	0.0551443768835645	-0.0141943359375
-0.0445489910363949	-0.0376130172413362	-0.0141650390625
0.0512062309841997	-0.0278944923094384	-0.0141357421875
0.00744362446300558	0.0578411674804303	-0.0141064453125
-0.0566140972075494	-0.0140241894326458	-0.0140771484375
0.0335905938526081	-0.0476899346938858	-0.0140478515625
0.0322800772298914	0.0485950279195909	-0.0140185546875
-0.0569965004657212	0.0124779645983011	-0.0139892578125
0.00902531822109436	-0.0576512196022899	-0.0139599609375
0.050468311458039	0.0293067592434261	-0.0139306640625
-0.045608757126161	0.0364224280317109	-0.0139013671875
-0.0174214956476916	-0.0557140660393991	-0.0138720703125
0.0582473669634036	0.00395245055486345	-0.0138427734375
-0.0247941417857599	0.0528624479036385	-0.0138134765625
-0.0402895177378248	-0.0422699793091529	-0.0137841796875
0.0540032883135877	-0.0222361878507517	-0.0137548828125
0.00115554874702114	0.0583975427373923	-0.0137255859375
-0.0548536025533549	-0.0200871589040119	-0.0136962890625
0.0386039853061206	-0.0438514041169908	-0.0136669921875
0.0268849654454559	0.0518768917684942	-0.0136376953125
-0.0581001725399813	0.00625950819079693	-0.0136083984375
0.0152217539823596	-0.0564261128065351	-0.0135791015625
0.047080461978704	0.0346386040827631	-0.0135498046875
-0.0493508064471558	0.0313319927790668	-0.0135205078125
-0.0113202506631315	-0.0573571194566442	-0.0134912109375
0.0575675182912874	0.0102351212770615	-0.0134619140625
-0.0304039910042672	0.0499515978373717	-0.0134326171875
-0.035542951131209	-0.0464440483752764	-0.0134033203125
0.0561736728835297	-0.0162988948050903	-0.0133740234375
-0.00516542094387757	0.0582686596674804	-0.0133447265625
-0.0524424452743603	-0.0259323979971574	-0.0133154296875
0.0431785761062227	-0.0394853041058031	-0.0132861328125
0.0211571543819675	0.0545585109711015	-0.0132568359375
-0.0585237520969382	-5.14863687087989e-05	-0.0132275390625
0.0212579273573831	-0.0545335394746052	-0.0131982421875
0.0431285495363516	0.0395791244754966	-0.0131689453125
-0.052523636936443	0.0258576333392602	-0.0131396484375
-0.00506747394859729	-0.0583304327918792	-0.0131103515625
0.0562084695737095	0.0164162710882833	-0.0130810546875
-0.0356730168265253	0.0464444559500732	-0.0130517578125
-0.0303641142654874	-0.0500842897124808	-0.0130224609375
0.0576897822523409	-0.0101521776640506	-0.0129931640625
-0.01144443776518	0.0574540076216079	-0.0129638671875
-0.0494072817545353	-0.0314899571365056	-0.0129345703125
0.0472588296003342	-0.0346418380330769	-0.0129052734375
0.0151635706932231	0.0566063190058634	-0.0128759765625
-0.058260213148153	-0.0063804690218319	-0.0128466796875
0.0270618036275104	-0.0519939754420057	-0.0128173828125
0.0386577724533328	0.0440685997848974	-0.0127880859375
-0.0550879678672639	0.0200631278198075	-0.0127587890625
0.00126314783517798	-0.0586205125036865	-0.0127294921875
0.0541843552519137	0.0224223255921139	-0.0127001953125
-0.040537764760554	0.0423808678651647	-0.0126708984375
-0.0248131494912345	-0.0531460019405096	-0.0126416015625
0.0585317523414108	-0.00386829914993882	-0.0126123046875
-0.0176069452942438	0.0559612668887693	-0.0125830078125
-0.0457822976761586	-0.0366931268930477	-0.0125537109375
0.0507949587876589	-0.0293770525095879	-0.0125244140625
0.00897450296556371	0.0579942268074308	-0.0124951171875
-0.0573107180614826	-0.0126524669220556	-0.0124658203125
0.0325639225132887	-0.0488356819890645	-0.0124365234375
0.033719652372022	0.0480525313894782	-0.0124072265625
-0.0570116782070157	0.014016255015909	-0.0123779296875
0.00759679467146809	-0.0582219887875844	-0.0123486328125
0.0515172925758819	0.0281815990978156	-0.0123193359375
-0.0449394347174022	0.0378074350772777	-0.0122900390625
-0.0189548087903225	-0.0555912711199696	-0.0122607421875
0.0586877165920143	0.00247864212477841	-0.0122314453125
-0.0235795752382761	0.0538062376039404	-0.0122021484375
-0.0416088162944225	-0.0414792489253885	-0.0121728515625
0.0537435401429457	-0.0237521782675881	-0.0121435546875
0.00266276484247025	0.0587039559233105	-0.0121142578125
-0.0556846246738011	-0.0187929852359065	-0.0120849609375
0.0376982403513032	-0.0450943858859118	-0.0120556640625
0.0283714307086631	0.0514823116401638	-0.0120263671875
-0.0582702113084153	0.00778798934190103	-0.0119970703125
0.0138584102771545	-0.0571377008947571	-0.0119677734375
0.0482371358880965	0.0336251616900194	-0.0119384765625
-0.0488246000848758	0.0327769715764405	-0.0119091796875
-0.0128576866206689	-0.0573894439694787	-0.0118798828125
0.0581539688996355	0.0088135982525954	-0.0118505859375
-0.0292910328617292	0.0510126701790243	-0.0118212890625
-0.036934819380263	-0.0457904797703331	-0.0117919921875
0.0560680518306947	-0.0178329067427559	-0.0117626953125
-0.00369717436896186	0.0587252778860378	-0.0117333984375
-0.0533993942030451	-0.0247289042491267	-0.0117041015625
0.042402932859955	-0.0408128683184957	-0.0116748046875
0.0226753944697635	0.0543158230484416	-0.0116455078125
-0.0588468889625645	0.00145165522184615	-0.0116162109375
0.0199736041153022	-0.0553786832739225	-0.0115869140625
0.0443811366856239	0.0386876749293515	-0.0115576171875
-0.0521458634023312	0.0273478840277967	-0.0115283203125
-0.00659340449801555	-0.0585175142765768	-0.0114990234375
0.056935028143241	0.0150614721362102	-0.0114697265625
-0.0346729593273429	0.0476119991183923	-0.0114404296875
-0.0318143864842142	-0.0495744980869049	-0.0114111328125
0.0577393296018679	-0.0116886110303448	-0.0113818359375
-0.0100300810913744	0.0580561566944873	-0.0113525390625
-0.0504804008780276	-0.0303893618484635	-0.0113232421875
0.0466211486412926	-0.0360404675142368	-0.0112939453125
0.0166981394951314	0.0565179602691097	-0.0112646484375
-0.0587331308069619	-0.004917948848792	-0.0112353515625
0.025869547360638	-0.052964052504472	-0.0112060546875
0.0399935134088533	0.0433081859469615	-0.0111767578125
-0.0548624405276791	0.0215834828976646	-0.0111474609375
-0.000235757143582445	-0.0589604176244418	-0.0111181640625
0.0550436033268426	0.0211480201743611	-0.0110888671875
-0.0396607604083805	0.0436429832657199	-0.0110595703125
-0.0263070591839672	-0.0527851466322225	-0.0110302734375
0.0587359346603844	-0.00539152058721664	-0.0110009765625
-0.0162608600646098	0.0567027924779201	-0.0109716796875
-0.0469606454086347	-0.03570661060909	-0.0109423828125
0.0503017041505244	-0.0308325009506828	-0.0109130859375
0.0105097799704511	0.0580610683730132	-0.0108837890625
-0.0579285762322819	-0.0112454459694673	-0.0108544921875
0.0314758519020492	-0.0499207962024495	-0.0108251953125
0.0351249360153974	0.0474308701885325	-0.0107958984375
-0.056940666047915	0.0155512327747413	-0.0107666015625
0.00614016948651108	-0.0587112306694785	-0.0107373046875
0.0525004595646036	0.0270007465488061	-0.0107080078125
-0.0441943914217595	0.0391512566793663	-0.0106787109375
-0.020477137906598	-0.0553830010317209	-0.0106494140625
0.059044428853712	0.000984140367378319	-0.0106201171875
-0.0223154571662452	0.054679565621627	-0.0105908203125
-0.04288037559841	-0.0406168390106668	-0.0105615234375
0.0533997115658442	-0.0252496140232047	-0.0105322265625
0.00418311372589028	0.0589252919172718	-0.0105029296875
-0.0564411071192551	-0.0174557853693751	-0.0104736328125
0.036725421655512	-0.0462834662817025	-0.0104443359375
0.0298319314492815	0.0510057136733912	-0.0104150390625
-0.0583544136357734	0.00932195089237454	-0.0103857421875
0.0124588976131425	-0.057771272365722	-0.0103564453125
0.0493341863539408	0.0325497782165176	-0.0103271484375
-0.0482190887526515	0.0341887954315538	-0.0102978515625
-0.0143929197538004	-0.0573358582877285	-0.0102685546875
0.0586595536671102	0.00736304033837724	-0.0102392578125
-0.0281217514832334	0.0520088818488726	-0.0102099609375
-0.0382866185424043	-0.045060946725906	-0.0101806640625
0.0558771317966346	-0.0193570629591908	-0.0101513671875
-0.00220724660890933	0.0590988304029468	-0.0101220703125
-0.0542867709467219	-0.023475144824206	-0.0100927734375
0.0415552657818865	-0.0420937801257239	-0.0100634765625
0.0241762170916909	0.0539891263601699	-0.0100341796875
-0.0590854260847178	0.00296896350524692	-0.0100048828125
0.0186454635798269	-0.056150105726498	-0.0099755859375
0.0455808707771062	0.0377287099313764	-0.0099462890625
-0.0516860389754201	0.028813306665227	-0.0099169921875
-0.00812588649303714	-0.0586191389403618	-0.0098876953125
0.0575843106715637	0.0136696431821876	-0.0098583984375
-0.0336104257665565	0.0487209199652968	-0.0098291015625
-0.0332326299410545	-0.0489852644709384	-0.00979980468749999
0.057703245771826	-0.0132239405807089	-0.0097705078125
-0.00858576608753651	0.0585780968465282	-0.00974121093749999
-0.0514896050289141	-0.0292318199777064	-0.00971191406250001
0.0459072638532357	-0.0374001343568406	-0.0096826171875
0.0182239701713424	0.0563444790386627	-0.00965332031249999
-0.0591235508498377	-0.00343276969532	-0.0096240234375
0.0246263193281926	-0.0538654399270696	-0.0095947265625
0.0412836794388023	0.0424754089666916	-0.0095654296875
-0.0545529773271917	0.0230875472001959	-0.0095361328125
-0.00174985250075511	-0.0592161978404816	-0.0095068359375
0.0558299422759803	0.0198291149267813	-0.00947753906250001
-0.0387158046482263	0.0448532851640404	-0.0094482421875
-0.0277772670817955	-0.0523422095699707	-0.0094189453125
0.0588550381370527	-0.00692235423148998	-0.0093896484375
-0.0148768927579838	0.0573677773710456	-0.0093603515625
-0.0480813638492306	-0.0346570897338018	-0.0093310546875
0.0497288735833317	-0.0322570369645231	-0.00930175781250001
0.0120450419067979	0.0580425570906901	-0.00927246093750001
-0.0584668780707524	-0.00980755253738035	-0.0092431640625
0.0303302184364687	-0.0509429337695348	-0.0092138671875
0.0364923540673061	0.0467327696889571	-0.00918457031250001
-0.0567847081394117	0.0170785798533262	-0.0091552734375
0.00465991705222366	-0.0591185396034704	-0.0091259765625
0.0534158128505313	0.0257682237684332	-0.0090966796875
-0.0433766503778759	0.0404505719480838	-0.0090673828125
-0.0219842929830763	-0.0550908691583335	-0.0090380859375
0.0593174885519186	-0.000526565779737198	-0.0090087890625
-0.0210059648196453	0.0554807909284867	-0.0089794921875
-0.0441011526447372	-0.039686047161108	-0.0089501953125
0.0529737724258924	-0.0267244645603531	-0.0089208984375
0.00571212584194017	0.0590619254682709	-0.00889160156250001
-0.0571217792393138	-0.0160798598302662	-0.0088623046875
0.0356890759277026	-0.0474159027374888	-0.0088330078125
0.0312626267686852	0.0504494087304383	-0.0088037109375
-0.0583535407760508	0.0108569764095525	-0.0087744140625
0.011027607104933	-0.0583259359711966	-0.00874511718750001
0.0503691915052316	0.0314162222966021	-0.0087158203125
-0.0475369063407968	0.0355638418357196	-0.0086865234375
-0.0159216200463064	-0.0571975038209413	-0.0086572265625
0.0590837668994667	0.00588789591255118	-0.0086279296875
-0.0269001086055373	0.0529381494837711	-0.0085986328125
-0.0395949715446324	-0.0442583857587466	-0.0085693359375
0.0556024251393969	-0.0208671524513705	-0.0085400390625
-0.000700109593370823	0.0593892003143263	-0.00851074218749999
-0.0551028458858285	-0.0221752443209472	-0.0084814453125
0.0406387913590778	-0.0433249330485785	-0.00845214843750001
0.0256555619135697	0.0535802922206952	-0.0084228515625
-0.0592396356497973	0.00449597684460347	-0.0083935546875
0.0172777617830344	-0.0568464435036595	-0.00836425781249999
0.0467249390100154	0.0367057012013215	-0.00833496093750001
-0.0511463792427556	0.0302500220634154	-0.00830566406250001
-0.00966050231165807	-0.0586359654245082	-0.00827636718750001
0.0581553298886321	0.0122451393134196	-0.0082470703125
-0.03248911646604	0.0497687202064309	-0.00821777343750001
-0.0346151756646684	-0.0483191314624915	-0.0081884765625
0.0575825703108268	-0.0147538260537997	-0.00815917968750001
-0.0071159138123206	0.0590192237840404	-0.0081298828125
-0.0524327288773428	-0.0280212321275179	-0.00810058593750001
0.0451200251380773	-0.0387174072531832	-0.0080712890625
0.0197368325404147	0.056087287355762	-0.0080419921875
-0.0594312559782091	-0.00192938505271054	-0.0080126953125
0.0233361906187473	-0.0546963212363831	-0.0079833984375
0.042525102517235	0.0415734040491284	-0.00795410156249999
-0.054161351584373	0.0245712324725259	-0.00792480468750001
-0.00327468605356186	-0.0593880239411395	-0.00789550781250001
0.0565419177308547	0.0184698203782281	-0.0078662109375
-0.0377062938616602	0.0460088924143487	-0.0078369140625
-0.0292198575915705	-0.0518193114213398	-0.00780761718749999
0.0588896198103864	-0.00845638289721445	-0.0077783203125
-0.0134593612846301	0.0579551398029103	-0.0077490234375
-0.0491418801356366	-0.0335481957567759	-0.0077197265625
0.0490789185691484	-0.033646947013132	-0.00769042968750001
0.0135759399693627	0.0579396314967354	-0.00766113281249999
-0.0589249220868257	-0.00834317908741046	-0.0076318359375
0.0291308609024794	-0.0518998491605087	-0.00760253906249999
0.0378184228764032	0.045960993178031	-0.00757324218749999
-0.0565451168876175	0.0185940486523963	-0.0075439453125
0.00316047102827863	-0.059443599165429	-0.0075146484375
0.0542614507900266	0.024488047495611	-0.00748535156249999
-0.0424892653338652	0.0417021531804464	-0.0074560546875
-0.023472159648096	-0.0547165513336574	-0.0074267578125
0.0595069662048629	-0.00204903508302525	-0.0073974609375
-0.0196552622379507	0.0562083697033233	-0.0073681640625
-0.0452681997757289	-0.0386901940738081	-0.00733886718749999
0.0524677488096187	-0.0281727797119379	-0.0073095703125
0.00724538602461899	0.0591143129878838	-0.0072802734375
-0.0577254662516343	-0.0146694882297069	-0.00725097656249999
0.0345927653128315	-0.0484890495937228	-0.0072216796875
0.0326597604044274	0.0498157573444774	-0.0071923828125
-0.0582684310706185	0.01238871020004	-0.0071630859375
0.00956890136997818	-0.0588008943825125	-0.0071337890625
0.0513398273255423	0.0302282702274089	-0.0071044921875
-0.0467807295140849	0.0368985766313553	-0.0070751953125
-0.0174395241942961	-0.0569755939950168	-0.0070458984375
0.0594261942741756	0.00439257744394604	-0.00701660156250001
-0.0256300657947224	0.0537984879021915	-0.00698730468750001
-0.0408565928233422	-0.0433857689818771	-0.00695800781250001
0.0552455106968592	-0.022359036486123	-0.0069287109375
0.000819807851492685	0.059596358954896	-0.00689941406249999
-0.0558459872844923	-0.0208333193238701	-0.0068701171875
0.0396567542593854	-0.0445033146974785	-0.0068408203125
0.0271094459760058	0.053091252455884	-0.0068115234375
-0.0593098743823689	0.00602828363653731	-0.00678222656250001
0.0158747389388443	-0.0574664302376546	-0.00675292968750001
0.0478106246560436	0.0356221410333741	-0.0067236328125
-0.0505291539390486	0.0316542330275087	-0.0066943359375
-0.0111928909860024	-0.0585687326623243	-0.00666503906250001
0.0586471939413079	0.0107922920842447	-0.0066357421875
-0.0313127445726008	0.0507529990016749	-0.0066064453125
-0.0359584407777674	-0.0475786890872677	-0.0065771484375
0.0573784182928707	-0.0162739901107205	-0.00654785156250001
-0.00562491421577863	0.0593790264727471	-0.0065185546875
-0.0533077052873095	-0.0267615038823356	-0.0064892578125
0.0442623227912425	-0.0399889445448342	-0.0064599609375
0.0212325652176453	0.0557478675286662	-0.0064306640625
-0.0596561193937064	-0.000412209915756515	-0.0064013671875
0.0220032294142743	-0.0554549782731485	-0.0063720703125
0.043714707252487	0.0406053394881746	-0.0063427734375
-0.0536894011667387	0.0260305246979726	-0.0063134765625
-0.00480585126779146	-0.0594761538706655	-0.00628417968749999
0.0571781731254249	0.0170743362694082	-0.0062548828125
-0.0366356499898298	0.0471070188990716	-0.0062255859375
-0.0306309943305582	-0.0512186312602675	-0.0061962890625
0.0588403199624224	-0.00998924191713599	-0.0061669921875
-0.0120125649420896	0.0584638946681026	-0.0061376953125
-0.0501397182188726	-0.0323835780212874	-0.0061083984375
0.0483543424683422	-0.0349986012384365	-0.00607910156250001
0.0150981844129182	0.0577533089153913	-0.00604980468750001
-0.0593021016820576	-0.00685669175116766	-0.00602050781249999
0.0278816281061576	-0.052789394821804	-0.0059912109375
0.0390997464076291	0.0451183489455284	-0.00596191406250001
-0.0562232785151905	0.0200934568033951	-0.0059326171875
0.00164623118500049	-0.0596861854382868	-0.0059033203125
0.0550355702468693	0.0231642365783466	-0.0058740234375
-0.0415353278633147	0.0429028636654543	-0.0058447265625
-0.024936694519184	-0.054261791750795	-0.0058154296875
0.0596130218503639	-0.00357886755051737	-0.0057861328125
-0.0182675076320131	0.0568608565262875	-0.0057568359375
-0.0463786631172883	-0.0376326308373547	-0.0057275390625
0.0518837292532455	-0.0295906856079495	-0.00569824218749999
0.00877852744626121	0.0590829968342765	-0.00566894531250001
-0.0582510910305057	-0.0132289364371115	-0.0056396484375
0.0334400747040416	-0.0495003571616738	-0.0056103515625
0.0340196572121025	0.0491071761736121	-0.0055810546875
-0.0581000046701528	0.0139128517033558	-0.0055517578125
0.00808712144738794	-0.0591954465469177	-0.00552246093749999
0.0522438673363606	0.0289897132501033	-0.00549316406250001
-0.0459532843619755	0.0381895510801683	-0.0054638671875
-0.0189424304738515	-0.0566714193686888	-0.0054345703125
0.0596865157349169	0.00288146811389196	-0.0054052734375
-0.0243155916468624	0.0545880103947972	-0.0053759765625
-0.042068285986126	-0.0424461108996901	-0.0053466796875
0.0548080392528448	-0.0238286439665365	-0.00531738281249999
0.00234811371796059	0.0597203692979635	-0.00528808593749999
-0.0565146621728	-0.0194534854740845	-0.0052587890625
0.038612434220401	-0.0456260050304219	-0.0052294921875
0.0285339595808108	0.052524005172421	-0.00520019531249999
-0.0592965874152231	0.00756151639936496	-0.0051708984375
0.0144406263376558	-0.0580088979756442	-0.0051416015625
0.0488353059127717	0.0344815492283652	-0.0051123046875
-0.0498366929720442	0.0330222207791702	-0.0050830078125
-0.0127187426966394	-0.0584182641814773	-0.00505371093750001
0.0590591083960075	0.00931541619022953	-0.0050244140625
-0.0300850429841427	0.0516714523980644	-0.0049951171875
-0.0372589254700782	-0.0467665810321764	-0.00496582031250001
0.0570919850121253	-0.0177802132643643	-0.00493652343750001
-0.00411713255137328	0.0596570896626605	-0.0049072265625
-0.0541125653394783	-0.0254565526798996	-0.0048779296875
0.043337093894879	-0.0412114917540726	-0.0048486328125
0.0227070710052522	0.0553277771782308	-0.0048193359375
-0.0597981078158788	0.00111437310639506	-0.0047900390625
0.020631507761385	-0.0561397917819087	-0.0047607421875
0.0448495089818563	0.039574423171301	-0.0047314453125
-0.0531390338441236	0.0274614799707664	-0.0047021484375
-0.00633898148367029	-0.0594809362066917	-0.0046728515625
0.0577374508357584	0.0156468581783238	-0.00464355468749999
-0.0355073271022759	0.0481449721870495	-0.0046142578125
-0.032006916499832	-0.0505424121839706	-0.0045849609375
0.0587078660230278	-0.0115166137371999	-0.0045556640625
-0.0105407908518642	0.0588931551905752	-0.0045263671875
-0.0510724980819862	-0.0311669103099737	-0.00449707031249999
0.0475577063542909	-0.0363084503501623	-0.0044677734375
0.016607539545728	0.0574846897533701	-0.00443847656249999
-0.0595979073255748	-0.00535243653820684	-0.0044091796875
0.0265863854302715	-0.0536095209482589	-0.0043798828125
0.0403330136545329	0.0442076962931082	-0.0043505859375
-0.0558206577071927	0.0215726825864274	-0.0043212890625
0.000121569344356629	-0.0598461696682165	-0.00429199218749999
0.0557364669073346	0.0218008184562046	-0.0042626953125
-0.0405179735028504	0.0440496556273904	-0.0042333984375
-0.0263739210680081	-0.0537284079193741	-0.00420410156249999
0.0596359081533266	-0.00511169879288948	-0.0041748046875
-0.0168468597495082	0.0574369052226606	-0.00414550781250001
-0.0474297810556898	-0.0365167451524275	-0.0041162109375
0.0512238699705484	-0.0309743810056971	-0.0040869140625
0.0103072263132238	0.0589686088396843	-0.0040576171875
-0.0586976754619137	-0.0117624627875183	-0.00402832031250001
0.0322346180012675	-0.0504473707328607	-0.0039990234375
0.0353387199762715	0.0483261434573219	-0.0039697265625
-0.0578492674487497	0.015425150550996	-0.0039404296875
0.0065865928076902	-0.0595089895335879	-0.0039111328125
0.0530791821340223	0.027704363803156	-0.00388183593749999
-0.045057352041211	0.0394333991662688	-0.0038525390625
-0.0204261941897943	-0.0562863518989864	-0.0038232421875
0.05986450780527	0.00135892759134577	-0.0037939453125
-0.0229606679926507	0.0553049287810164	-0.0037646484375
-0.043226941615157	-0.0414424741938067	-0.0037353515625
0.0542917381171644	-0.0252719672932381	-0.0037060546875
0.003880447311024	0.0597613887108941	-0.00367675781249999
-0.0571074369111652	-0.0180398635844815	-0.0036474609375
0.0375091519360475	-0.0466901746607928	-0.0036181640625
0.0299252625843756	0.0518806196143286	-0.0035888671875
-0.0592003114583684	0.00909134656816833	-0.0035595703125
0.0129796523314623	-0.0584727782374914	-0.0035302734375
0.0497964547165889	0.033287479038935	-0.0035009765625
-0.0490713915165391	0.0343503416981248	-0.0034716796875
-0.0142337938978971	-0.0581854716561135	-0.00344238281250001
0.0593903777720856	0.00781881528571934	-0.00341308593750001
-0.0288097703114592	0.0525218726454176	-0.0033837890625
-0.038513210201053	-0.0458855099369454	-0.0033544921875
0.056724549885937	-0.0192683293611972	-0.0033251953125
-0.00259691498937948	0.0598530958767182	-0.0032958984375
-0.054845438143639	-0.0241103137487703	-0.0032666015625
0.0423473277671095	-0.0423818792568863	-0.0032373046875
0.0241563127538831	0.0548286534579459	-0.0032080078125
-0.0598572839030293	0.00264600841419146	-0.0031787109375
0.0192251074445349	-0.0567492417113129	-0.0031494140625
0.0459266119207576	0.0384839081463459	-0.0031201171875
-0.0525122317904421	0.0288602207576921	-0.0030908203125
-0.00786974480921321	-0.0594028129879343	-0.0030615234375
0.0582185929559482	0.0141915832909259	-0.0030322265625
-0.0343248170410195	0.0491201521617398	-0.0030029296875
-0.0333439355626653	-0.0497929660603709	-0.0029736328125
0.0584930757769981	-0.013034223108168	-0.00294433593750001
-0.00904831959085541	0.0592421341601215	-0.0029150390625
-0.0519379348467586	-0.0299018965264939	-0.0028857421875
0.0466916339693092	-0.0375730227351054	-0.0028564453125
0.0180998192460537	0.0571349610568916	-0.0028271484375
-0.0598119282334856	-0.00383474479288763	-0.0027978515625
0.025249020514241	-0.0543582750647384	-0.0027685546875
0.0415149961901647	0.0432319506611403	-0.0027392578125
-0.0553388014870997	0.0230276607949787	-0.0027099609375
-0.00140916537095352	-0.0599235203667252	-0.0026806640625
0.0563625353297437	0.0204018348008321	-0.0026513671875
-0.0394403870117896	0.0451395682260759	-0.0026220703125
-0.0277799258538967	-0.0531182948281832	-0.0025927734375
0.0595759729079319	-0.00664319501346141	-0.0025634765625
-0.01539748343877	0.0579352693707751	-0.00253417968750001
-0.0484188826914878	-0.0353459666865059	-0.0025048828125
0.0504903992684642	-0.0323201339102598	-0.00247558593749999
0.0118271971232955	0.058771873188026	-0.00244628906250001
-0.0590643413973643	-0.0102743235330199	-0.0024169921875
0.0309800435235434	-0.0513277294878122	-0.0023876953125
0.0366134264328061	0.0474752036505321	-0.0023583984375
-0.0575173142302943	0.01692140211818	-0.0023291015625
0.00507163065742206	-0.0597410199182609	-0.0022998046875
0.0538437387518835	0.0263760609548184	-0.00227050781250001
-0.0440957735930261	0.0406268350326014	-0.00224121093750001
-0.0218867235451561	-0.0558218484881863	-0.0022119140625
0.059960045386513	-0.000170702841596641	-0.0021826171875
-0.0215692953136087	0.0559475532200123	-0.00215332031250001
-0.044329535126375	-0.0403779746881444	-0.00212402343749999
0.0536984149632238	-0.0266850585733999	-0.0020947265625
0.00541247433231274	0.0597196711461814	-0.0020654296875
-0.0576229774429462	-0.0165965850035352	-0.0020361328125
0.0363502741335837	-0.0476930831456017	-0.0020068359375
0.0312795809644235	0.0511632402604288	-0.00197753906250001
-0.0590216773613858	0.0106134798170687	-0.0019482421875
0.0114960476113412	-0.0588571026997202	-0.0019189453125
0.0506916354631953	0.0320435223227593	-0.0018896484375
-0.048235714339436	0.035635024263051	-0.0018603515625
-0.0157338229047521	-0.0578713578165683	-0.0018310546875
0.059640406644656	0.00630678714126016	-0.0018017578125
-0.0274907160722278	0.0533021473494379	-0.0017724609375
-0.0397179530275358	-0.0449382419143614	-0.0017431640625
0.0562774796861565	-0.0207342214572395	-0.0017138671875
-0.00106859362315405	0.0599668269173115	-0.0016845703125
-0.0555045504220726	-0.0227267453079123	-0.00165527343750001
0.0412960706437941	-0.043497020008283	-0.0016259765625
0.0255763095492482	0.0542522165797542	-0.0015966796875
-0.0598338081451989	0.00417836259348187	-0.0015673828125
0.0177881251573816	-0.0572819072223873	-0.0015380859375
0.0469432072932476	0.0373370974312154	-0.00150878906250001
-0.0518110553756178	0.0302229324145059	-0.00147949218749999
-0.00939383950575493	-0.0592423219742079	-0.0014501953125
0.0586205417236573	0.0127127155106712	-0.00142089843749999
-0.033091654324181	0.0500300495620398	-0.0013916015625
-0.0346384321078215	-0.0489726775564728	-0.00136230468749999
0.0581968599696875	-0.0145378327078144	-0.00133300781249999
-0.00753943020684843	0.0595101447649685	-0.00130371093749999
-0.0527338377268554	-0.0285922756596075	-0.0012744140625
0.0457588159589853	-0.0387889216815975	-0.0012451171875
0.0195708828447118	0.0567053994399676	-0.00121582031250001
-0.0599438535959301	-0.00230793808451719	-0.0011865234375
0.0238734482454853	-0.0550338013910831	-0.0011572265625
0.0426425457646318	0.0421940880376782	-0.00112792968750001
-0.0547793424429428	0.0244543789015813	-0.0010986328125
-0.00294164180205514	-0.0599183049172886	-0.0010693359375
0.056912268718341	0.0189713465014959	-0.0010400390625
-0.0383058069244445	0.0461697255363034	-0.0010107421875
-0.0291508549924837	-0.052433428443177	-0.000981445312499994
0.0594336610069483	-0.00816904845524383	-0.000952148437499994
-0.0139235545963239	0.0583548024792885	-0.000922851562499998
-0.0493433862075856	-0.0341237717374486	-0.000893554687500001
0.0496856212895738	-0.0336242783640419	-0.000864257812500001
0.013334188321818	0.058493608728058	-0.000834960937500006
-0.0593503112266706	-0.00876877772073924	-0.000805664062499995
0.0296800387519002	-0.0521391652567998	-0.0007763671875
0.037840326394441	0.0465569713824938	-0.000747070312499997
-0.0571053314248497	0.0183974434134337	-0.000717773437499994
0.00354654471775542	-0.059891134741194	-0.000688476562500003
0.05453559981532	0.0250086751932776	-0.000659179687499998
-0.0430714540895443	0.041766650455295	-0.000629882812500005
-0.0233199757873153	-0.055279453921061	-0.000600585937500002
0.0599731030883761	-0.00170309563973347	-0.000571289062500006
-0.0201454975481658	0.0565142917588598	-0.000541992187500006
-0.0453731246034057	-0.0392557856530774	-0.000512695312500006
0.0530299610426508	-0.0280640260434166	-0.000483398437499998
0.00693988238651172	0.0595955688305122	-0.000454101562500004
-0.0580600492323162	-0.0151277964065655	-0.000424804687500001
0.0351392180054835	-0.0486320771871134	-0.000395507812499998
0.0325932035381925	0.0503740902912123	-0.0003662109375
-0.0587614121443307	0.012123651748487	-0.000336914062499996
0.00999404995330741	-0.0591610035174924	-0.000307617187500003
0.0515185035828133	0.0307533140716786	-0.000278320312499995
-0.0473321994931761	0.0368727660810219	-0.000249023437500006
-0.0172146457893829	-0.0574770188038995	-0.000219726562500003
0.0598087003426869	0.00478362831465911	-0.000190429687500004
-0.0261317052873015	0.0540102584236953	-0.000161132812500003
-0.0408698869592759	-0.043927610442882	-0.000131835937500006
0.0557522311975156	-0.0221738179445812	-0.000102539062500002
0.000463508963661928	0.0599981649304591	-7.32421875000063e-05
-0.0560882258392184	-0.021309833200153	-4.39453124999954e-05
0.0401864297430879	-0.0445539072352486	-1.46484375000008e-05
0.026963133089959	0.0536002727548698	1.46484374999948e-05
-0.0597279402822172	0.00570711997888618	4.39453125000027e-05
0.0163246771433713	-0.0577364663947029	7.32421875000004e-05
0.0478965713724649	0.0361373482217917	0.000102539062499996
-0.0510376463661669	0.0315458598343375	0.0001318359375
-0.0109069897085536	-0.0590000984042759	0.000161132812499997
0.0589423395992189	0.0112144700768456	0.000190429687499998
-0.0318114204691815	0.0508722443771716	0.000219726562499997
-0.0358868527859922	-0.048084007574703	0.0002490234375
0.0578202243888785	-0.0160232390428213	0.000278320312500002
-0.00601840478557989	0.0596966010381066	0.000307617187499997
-0.0534581087826263	-0.0272418261924449	0.000336914062500003
0.0447620135195261	-0.0399528226190218	0.000366210937499994
0.0210166312322871	0.056197373472577	0.000395507812500005
-0.0599934733827197	-0.000776332695682767	0.000424804687499995
0.022463615226051	-0.0556343399596586	0.000454101562499998
0.0437125918607029	0.0410971487912512	0.000483398437500005
-0.0541440014028906	0.0258488733913167	0.0005126953125
-0.00447154237157859	-0.0598306907304927	0.0005419921875
0.0573842584043685	0.0175134381601024	0.0005712890625
-0.0371175295418146	0.047137334430833	0.000600585937499996
-0.0304829107359072	-0.0516758686497792	0.000629882812499999
0.0592095159346162	-0.00968497315060886	0.000659179687500006
-0.0124292646621594	0.0586944578301979	0.000688476562499997
-0.0502007970886054	-0.0328536873571459	0.000717773437500002
0.0488119191996826	-0.0348832112912764	0.000747070312500004
0.0148239782083786	0.0581347307903605	0.000776367187499994
-0.0595549080792794	-0.00725009166059143	0.000805664062500002
0.0283383345574727	-0.0528795010825707	0.0008349609375
0.0390160388763527	0.0455741348665278	0.000864257812499995
-0.0566145991544862	0.0198491491655763	0.000893554687499995
0.00201564363712467	-0.0599590320612475	0.000922851562500006
0.055152922452312	0.0236061127321341	0.000952148437500001
-0.0419873662419536	0.0428497122646422	0.000981445312500002
-0.0247219534970805	-0.0546608032827784	0.00101074218749999
0.0599037561282564	-0.00323393266393291	0.00104003906249999
-0.0186933264467525	0.0570036495937577	0.00106933593749999
-0.0463548485265957	-0.0380791415872216	0.0010986328125
0.0522883538768808	-0.0294050305809421	0.0011279296875
0.00845837675839328	0.0593895334995664	0.00115722656249999
-0.0584175168766753	-0.0136376641730035	0.00118652343749999
0.0338794551397037	-0.0495045886802882	0.0012158203125
0.0338624787163077	0.0495154745345028	0.00124511718750001
-0.058420340556817	0.0136176238023682	0.00127441406250001
0.00847790859030595	-0.0593837132867747	0.0013037109375
0.0522748039144352	0.0294205364648431	0.0013330078125
-0.0463634614943251	0.0380601309010183	0.0013623046875
-0.0186721124465575	-0.057003646040182	0.00139160156250001
0.0598948652573782	0.00325363849110748	0.0014208984375
-0.0247366026302903	0.0546442807974148	0.00145019531250001
-0.0419658172471402	-0.0428565197565873	0.0014794921875
0.0551503533844581	-0.0235830887954541	0.0015087890625
0.00199507541486861	0.0599470930549418	0.0015380859375
-0.0565948840474779	-0.0198635951119531	0.0015673828125
0.0390215768435381	-0.0455496120139281	0.0015966796875
0.028312904131496	0.0528747166409326	0.00162597656250001
-0.0595400402863268	0.00722797845525923	0.0016552734375
0.0148389034589053	-0.0581116956128414	0.0016845703125
0.0487840633583374	0.0348880756349979	0.0017138671875
-0.0501942306349416	0.0328253041115767	0.0017431640625
-0.0124049413366964	-0.0586768763028346	0.0017724609375
0.0591831289932476	0.00970107784494637	0.00180175781250001
-0.0304877478757838	0.0516444040356167	0.0018310546875
-0.0370857072115075	-0.0471294962065822	0.00186035156250001
0.0573642714851541	-0.0174862684915962	0.0018896484375
-0.00448953272239414	0.0598010179246322	0.0019189453125
-0.0541087414291514	-0.0258543701012436	0.0019482421875
0.0437040615751625	-0.0410614702743422	0.0019775390625
0.0224330030570903	0.0556123456020382	0.0020068359375
-0.0599606787472022	0.00075575614101457	0.0020361328125
0.0210235038613417	-0.0561582254491552	0.0020654296875
0.0447221391203223	0.0399442410508811	0.0020947265625
-0.0534345896433469	0.0272072261372612	0.0021240234375
-0.0059945589071557	-0.059660945979262	0.0021533203125
0.0577771930098632	0.0160322222450242	0.0021826171875
-0.0358789124919538	0.0480396822905276	0.0022119140625
-0.0317723480458298	-0.0508477617323347	0.0022412109375
0.0589041808262292	-0.0111867008301945	0.0022705078125
-0.0109188248125269	0.0589532879754192	0.0022998046875
-0.0509887061262351	-0.0315392950695477	0.0023291015625
0.047871757921385	-0.0360933892884321	0.00235839843750001
0.0162923709546735	0.057696252562623	0.0023876953125
-0.059677555654306	-0.00572254313157852	0.0024169921875
0.0269587090538771	-0.0535466495307698	0.0024462890625
0.0401372491213501	0.0445294588697947	0.0024755859375
-0.0560464929338296	0.0212724279741131	0.0025048828125
0.000483239185308259	-0.0599445111182104	0.0025341796875
0.055693956917345	0.0221723194727667	0.0025634765625
-0.040846553586756	0.0438729596219136	0.0025927734375
-0.0260887008939852	-0.0539676239326921	0.0026220703125
0.0597521808227852	-0.00475890102421047	0.0026513671875
-0.0172168656197279	0.057414228013762	0.0026806640625
-0.0472719233159864	-0.0368513416000655	0.0027099609375
0.0514756595104914	-0.0307042821866366	0.00273925781250001
0.00996367631757719	0.0591021172140294	0.0027685546875
-0.0586943433748858	-0.0121303784947219	0.0027978515625
0.0325745150771103	-0.0503081325354406	0.00282714843750001
0.0350838111809878	0.0485897819833912	0.00285644531249999
-0.0579993862118827	0.0150911792472345	0.0028857421875
0.00695188835651172	-0.0595245646396737	0.00291503906249999
0.0529583688198633	0.0280489225787101	0.0029443359375
-0.0453321940898972	0.0391937455073167	0.0029736328125
-0.0201021026945781	-0.0564525276719171	0.00300292968749999
0.0598986087655932	0.00172112463815715	0.00303222656249999
-0.0233093162672305	0.0552023808308651	0.00306152343749999
-0.0430026185096373	-0.0417279478420691	0.00309082031250001
0.0544734891340279	-0.0249580417962069	0.00312011718750001
0.00352178946100575	0.0598136956729416	0.0031494140625
-0.0570230394123802	-0.018392084518889	0.0031787109375
0.0378047514927716	-0.0464812806454891	0.0032080078125
0.0296217888750379	0.0520775333728756	0.0032373046875
-0.0592705689372966	0.008736645356259	0.0032666015625
0.0133349720011653	-0.0584064686076621	0.0032958984375
0.0496031230180343	0.0335927561088918	0.0033251953125
-0.0492831204670055	0.0340576191064295	0.0033544921875
-0.0138834580551436	-0.0582734893756292	0.00338378906250001
0.0593421516288824	0.00817678937223925	0.0034130859375
-0.0291243233973935	0.052344281322951	0.0034423828125
-0.0382315647229309	-0.0461117652989315	0.00347167968750001
0.0568302015808714	-0.0189227733534581	0.0035009765625
-0.00295711484075712	0.05982301096798	0.00353027343750001
-0.0546838186436282	-0.0244337765754937	0.00355957031250001
0.0425878715887268	-0.0421116756476467	0.0035888671875
0.0238159708853444	0.054951873667831	0.0036181640625
-0.0598454620376479	0.00228401011596994	0.0036474609375
0.0195571362070517	-0.0566038856914174	0.0036767578125
0.045668264552956	0.0387385437435957	0.0037060546875
-0.0526530107001232	0.0285255606941781	0.0037353515625
-0.00750638853093507	-0.0594094399347837	0.0037646484375
0.058089857262668	0.0145318430410124	0.0037939453125
-0.034593377976333	0.0488741344615153	0.0038232421875
-0.0330154710429208	-0.0499513424703078	0.0038525390625
0.0585183991263201	-0.0126699768526638	0.0038818359375
-0.0093964699897617	0.0591304438665438	0.00391113281250001
-0.0517047871403833	-0.0301842343060996	0.0039404296875
0.0468676865028007	-0.0372513252501729	0.00396972656250001
0.0177351925994906	0.0571792860658936	0.0039990234375
-0.0597177776701905	-0.00419042546689447	0.0040283203125
0.0255449912009503	-0.0541386106887042	0.00405761718749999
0.0412007054229063	0.04342578734002	0.0040869140625
-0.0554024849585138	0.0226632183932393	0.0041162109375
-0.00104634963009254	-0.0598474721055794	0.0041455078125
0.0561570448796684	0.0207112847550349	0.0041748046875
-0.0396521333551835	0.0448334010580831	0.0042041015625
-0.0274163000329842	-0.0532017370973051	0.0042333984375
0.0595186546852898	-0.0062736889567477	0.0042626953125
-0.0157202344124169	0.0577447229890412	0.0042919921875
-0.0481216406039092	-0.0355757525068201	0.0043212890625
0.0505940343996207	-0.0319580363159319	0.0043505859375
0.0114515094138962	0.0587339727814509	0.0043798828125
-0.0588895890240787	-0.0106101573531427	0.00440917968750001
0.0312279886136115	-0.0510403042012123	0.0044384765625
0.0362536583752679	0.0475994879691004	0.00446777343749999
-0.0574995723302143	0.0165401191182799	0.0044970703125
0.00542027374220772	-0.059582989457088	0.0045263671875
0.0535671159724433	0.0266422598768282	0.00455566406250001
-0.0442411727020953	0.0402702963875978	0.0045849609375
-0.0215005222805476	-0.0558250496327899	0.0046142578125
0.0598197387636942	0.000190405114367054	0.0046435546875
-0.0218538015137768	0.0556828143835357	0.00467285156250001
-0.043977231600394	-0.0405449491408859	0.0047021484375
0.0537233766316721	-0.0262947186436046	0.0047314453125
0.00503933178168411	0.0595981582686769	0.00476074218750001
-0.0573712993724871	-0.0168993944889212	0.00479003906249999
0.0365392639523527	-0.0473461317421162	0.00481933593749999
0.0308859951787065	0.0512108002443866	0.0048486328125
-0.0589200880077148	0.0102288333218873	0.0048779296875
0.011817082434706	-0.0586197551188646	0.00490722656249999
0.050351268008345	0.0322549305735236	0.0049365234375
-0.0483067165375759	0.0352392077944759	0.0049658203125
-0.0153383171526315	-0.0577908715214473	0.0049951171875
0.0594187475160904	0.00664587894470369	0.00502441406249999
-0.0277248917189214	0.0529697119581962	0.0050537109375
-0.0393210508934517	-0.0450335207174905	0.0050830078125
0.0562193137070601	-0.0203286277719213	0.0051123046875
-0.00142546749602974	0.0597622956034176	0.00514160156250001
-0.0551815108110659	-0.0229839655837995	0.0051708984375
0.0414164340987003	-0.0431003127048966	0.0052001953125
0.0251615371945076	0.0542176120598306	0.0052294921875
-0.0596479164157077	0.00380410368692559	0.0052587890625
0.0180685777021771	-0.0569698398008806	0.0052880859375
0.0465481144313478	0.0374833093911341	0.0053173828125
-0.0518012618426217	0.0298000383864085	0.00534667968749999
-0.00900272947606453	-0.0590766429139322	0.0053759765625
0.0583211304222379	0.0130164805280913	0.0054052734375
-0.0332644158103589	0.0496381313741164	0.0054345703125
-0.0342086292132012	-0.0489889359214005	0.0054638671875
0.0580530148670773	-0.0141305560196816	0.0054931640625
-0.00786646290388234	0.0592251735883959	0.0055224609375
-0.052346794339881	-0.0287922056732295	0.00555175781250001
0.0458023402002764	-0.0383535847184234	0.00558105468749999
0.0191482868868145	0.0565850427643684	0.00561035156250001
-0.0596751969154636	-0.00265805165526392	0.00563964843750001
0.0241010642810872	-0.0546534697852093	0.0056689453125
0.04220321563955	0.0422660457773641	0.0056982421875
-0.0546841450447953	0.0240174848185094	0.0057275390625
-0.00256879238727683	-0.0596679155464625	0.0057568359375
0.0565406173187814	0.0192270450222396	0.0057861328125
-0.038407299121629	0.0457281111760749	0.0058154296875
-0.0287008667647905	-0.0523650591364065	0.0058447265625
0.0592035561329101	-0.00777398159716519	0.0058740234375
-0.0142075917385126	0.0579939233565015	0.0059033203125
-0.04890136414642	-0.0342558117394086	0.00593261718750001
0.0496457269991493	-0.0331625899386237	0.0059619140625
0.0129176096254152	0.0582858537989087	0.00599121093750001
-0.059002409909051	-0.00908125049780859	0.0060205078125
0.0298435309579581	-0.0516987768056895	0.0060498046875
0.0373685266864749	0.0465471560621594	0.0060791015625
-0.0569220221206726	0.0179602579664772	0.0061083984375
0.00388737299505752	-0.0595585176733623	0.0061376953125
0.0540990457471015	0.0252043935973935	0.00616699218749999
-0.0430932566343989	0.041286526064756	0.0061962890625
-0.0228632986563356	-0.0551226963626237	0.00622558593749999
0.0596581627974763	-0.00133418613083353	0.0062548828125
-0.0203740644333758	0.056083924471455	0.0062841796875
-0.0448866601117032	-0.0393106570501079	0.00631347656249999
0.0529018504171563	-0.0275891907739493	0.0063427734375
0.00654337573177141	0.0593007668918828	0.00637207031250001
-0.0576383623807719	-0.0153896614710531	0.00640136718750001
0.0352284979797502	-0.0481414529257895	0.00643066406249999
0.0321017684660558	0.0502766880973451	0.0064599609375
-0.0584892600664539	0.0117002559767565	0.0064892578125
0.0102894701494078	-0.0587506191357208	0.0065185546875
0.051026090792306	0.030878207499316	0.0065478515625
-0.0472675096298857	0.0363665182801399	0.0065771484375
-0.016765305198089	-0.0572300569801208	0.00660644531249999
0.0594123535056763	0.00511264868122026	0.00663574218750001
-0.0262932586561913	0.0535186117489418	0.0066650390625
-0.0403508436750538	-0.043897554385948	0.0066943359375
0.0555330060985551	-0.0216997233959449	0.00672363281250001
0.000101073198560276	0.0596186860375521	0.0067529296875
-0.0556000731382105	-0.0215089114062185	0.0067822265625
0.040192821070004	-0.0440243146783119	0.00681152343749999
0.0264657300660586	0.0534113125613162	0.0068408203125
-0.0593682350718016	0.00531169975519311	0.0068701171875
0.0165619409149095	-0.057254695866149	0.0068994140625
0.0473589007729618	0.0361818667611461	0.0069287109375
-0.0508814352632225	0.0310268540595995	0.0069580078125
-0.0104792766918952	-0.0586631258391397	0.0069873046875
0.0584699842664248	0.0114903543199135	0.0070166015625
-0.0318955863622373	0.0503291852290249	0.0070458984375
-0.0353482132463502	-0.0479629589535564	0.0070751953125
0.0575089725795316	-0.0155641981356069	0.0071044921875
-0.0063330981412966	0.0592368206569568	0.0071337890625
-0.0529125592367139	-0.027366974163638	0.00716308593749999
0.0446784423479971	-0.0393967818334843	0.0071923828125
0.0205275108078433	0.0559148338325799	0.00722167968750001
-0.0595495338722721	-0.0011297585959803	0.0072509765625
0.0226308693656274	-0.0550893943552762	0.0072802734375
0.0431416432859674	0.0410532434337771	0.00730957031249999
-0.0538931412554447	0.025331213038955	0.0073388671875
-0.0040797428733108	-0.059405941255364	0.00736816406249999
0.0568431919599841	0.0177236875248511	0.00739746093750001
-0.037115323323085	0.0465542269081695	0.0074267578125
-0.0299385463264048	-0.0514596025281844	0.0074560546875
0.0588073637975197	-0.00925545650802552	0.0074853515625
-0.0126831399999428	0.0581607085462568	0.0075146484375
-0.0496085262728046	-0.0328950301742143	0.00754394531250001
0.0486330791057264	-0.0343142771957334	0.0075732421875
0.0143577112179204	0.0577586143218998	0.0076025390625
-0.0590320559375595	-0.00754794356152247	0.0076318359375
0.0284248648539997	-0.0522812978230369	0.0076611328125
0.0384249671983026	0.0454354397693143	0.0076904296875
-0.0562679588142405	0.0193474192769777	0.0077197265625
0.0023575224065049	-0.059450775637227	0.0077490234375
0.0545522381283253	0.0237392301540433	0.00777832031250001
-0.0418913911167817	0.042239228972062	0.0078076171875
-0.0241863763848627	-0.0543470512111444	0.00783691406250001
0.059413886763712	-0.00284829512437877	0.00786621093749999
-0.0188741654992831	0.0564041384393772	0.0078955078125
-0.0457279664014745	-0.0380282863070452	0.0079248046875
0.052010842160821	-0.0288375547863475	0.0079541015625
0.00802958278860216	0.0589219072130995	0.00798339843750001
-0.0578230153629924	-0.0138670691986513	0.00801269531250001
0.0338759135426877	-0.0488645970340955	0.0080419921875
0.0332653871955911	0.0492774624711639	0.0080712890625
-0.0579788478988939	0.013146623284559	0.0081005859375
0.00875641038309819	-0.0587982166622236	0.00812988281250001
0.0516252550505123	0.0294662659289678	0.0081591796875
-0.0461680821554351	0.0374360393427828	0.0081884765625
-0.0181602133307883	-0.056592180126853	0.0082177734375
0.0593225013800113	0.00358143285281805	0.00824707031249999
-0.0248332944901178	0.0539889732347704	0.0082763671875
-0.041317669050869	-0.0427067461729849	0.0083056640625
0.0547727763695481	-0.0230319646348682	0.0083349609375
0.0016181468803329	0.059392093681901	0.0083642578125
-0.0559378425542277	-0.0200126462539659	0.0083935546875
0.0389201881414296	-0.0448806698545355	0.00842285156249999
0.0277245984360824	0.0525348249102293	0.0084521484375
-0.0590067100170839	0.00680244502887325	0.00848144531250001
0.0150413894289272	-0.0574571481320233	0.0085107421875
0.0480978972931876	0.0348376234663755	0.0085400390625
-0.0498957190269078	0.0322022313571303	0.00856933593750001
-0.0119317170892466	-0.0581695594023023	0.00859863281249999
0.0585354805776406	0.00995772779564772	0.0086279296875
-0.030490523492002	0.0509448761449983	0.00865722656250001
-0.0364306503686359	-0.0468759215833457	0.0086865234375
0.0568873168408142	-0.0169666631643653	0.0087158203125
-0.00480070651938915	0.0591648218309798	0.0087451171875
-0.0533999870161281	-0.025912372422014	0.0087744140625
0.0434988060823786	-0.0403775747555071	0.0088037109375
0.0218687296993851	0.055170070095293	0.00883300781250001
-0.0593406048731094	0.000390088348227457	0.0088623046875
0.0211384088918458	-0.0554446308597585	0.0088916015625
0.0440129030742287	0.0397904754187024	0.0089208984375
-0.0530312402392741	0.0266004053080494	0.0089501953125
-0.00557483436030419	-0.0590617468579266	0.0089794921875
0.0570633701704316	0.0162053541898868	0.00900878906249999
-0.0357795597388223	0.0473089432082604	0.0090380859375
-0.0311255084162751	-0.0504874766131163	0.00906738281249999
0.0583306554243909	-0.0107137788116052	0.00909667968749999
-0.0111511292287061	0.0582440457789927	0.0091259765625
-0.0502406237598379	-0.0314969949758229	0.00915527343750001
0.0475585270076986	-0.035409464512087	0.0091845703125
0.0157675441633281	0.0571532081558735	0.0092138671875
-0.0589778683628867	-0.00601456245156046	0.00924316406249999
0.0269757837761465	-0.0527856851601372	0.0092724609375
0.0394195708728302	0.0442670840896429	0.0093017578125
-0.0555387053599146	0.0206974304048468	0.0093310546875
0.000835090927950523	-0.0592594839816249	0.00936035156250001
0.0549248490387305	0.0222507406684096	0.00938964843750001
-0.0406386092642631	0.043125246738618	0.0094189453125
-0.0254657120250003	-0.0534997965475206	0.00944824218750001
0.0590870131475996	-0.00434754305489588	0.0094775390625
-0.0173582234460565	0.0566419645603349	0.00950683593750001
-0.0464982670144909	-0.0367011353452651	0.00953613281250001
0.0510523811935417	-0.0300359273098534	0.0095654296875
0.00949359756730907	0.0584620631471456	0.00959472656250001
-0.0579241306155767	-0.0123358528405643	0.0096240234375
0.0324850495638199	-0.0495129777107017	0.0096533203125
0.0343731577442778	0.048215484557218	0.0096826171875
-0.0573897135327806	0.0145636364232288	0.0097119140625
0.00722222265065683	-0.0587617929394217	0.0097412109375
0.0521464914735593	0.0280228585994343	0.0097705078125
-0.0450111095346519	0.0384442953706583	0.0097998046875
-0.0195188320272789	-0.055878474914451	0.00982910156249999
0.0591488154246372	0.00205660256483889	0.0098583984375
-0.023348937452346	0.0543788617134783	0.0098876953125
-0.0422182960544679	-0.0414640656980278	0.0099169921875
0.0539402213835996	-0.0243212633506867	0.0099462890625
0.00312136402895416	0.059082525096701	0.0099755859375
-0.05619323400181	-0.0184992641022816	0.0100048828125
0.0376017768522545	-0.0456664167146079	0.0100341796875
0.0289342067461472	0.0515900971063946	0.0100634765625
-0.0585637304203899	0.00827196491694611	0.0100927734375
0.0135111420042323	-0.0575759735856049	0.0101220703125
0.0487624347014158	0.0334540686048007	0.0101513671875
-0.0488463978218748	0.0333224173653964	0.0101806640625
-0.0133557242675382	-0.0575967128137033	0.0102099609375
0.0585167680526842	0.0084229125673672	0.0102392578125
-0.0290529375962446	0.0514828476451967	0.0102685546875
-0.0374523990189487	-0.0457304281733964	0.0102978515625
0.0561891914515823	-0.0183337058219899	0.0103271484375
-0.00327365983594769	0.0590087043728948	0.0103564453125
-0.0538070522479166	-0.0244323041812425	0.0103857421875
0.0422663359871724	-0.0412926604077051	0.0104150390625
0.0231678117355992	0.0543522616475936	0.0104443359375
-0.0590483197383674	0.00189709034694037	0.0104736328125
0.0196277504748152	-0.0557175006553401	0.0105029296875
0.0448139557613126	0.0384809247895536	0.0105322265625
-0.0521003073052331	0.027821074770386	0.0105615234375
-0.00704967437421267	-0.0586356258287221	0.0105908203125
0.0571998332202728	0.0146762457902809	0.0106201171875
-0.0344034460208953	0.0479895080409538	0.0106494140625
-0.0322579415930964	-0.0494508881304441	0.0106787109375
0.0577741063317304	-0.0121445957634392	0.0107080078125
-0.00961586159240053	0.0582429866497554	0.0107373046875
-0.0507952129994093	-0.0300653725594581	0.0107666015625
0.0464246024902343	-0.0364445450040321	0.0107958984375
0.0171428285514024	0.0564706877566003	0.0108251953125
-0.0588392767202412	-0.00448547816741863	0.0108544921875
0.0255001553120528	-0.0532098225396795	0.0108837890625
0.0403489630066015	0.0430449269904439	0.0109130859375
-0.0547356837825588	0.0220061168596469	0.0109423828125
-0.000675514725661233	-0.0589844549410293	0.0109716796875
0.0552151059740004	0.0207429647579905	0.0110009765625
-0.0393380340238406	0.0439414627320614	0.0110302734375
-0.0266972683257555	-0.052582713589596	0.0110595703125
0.0586777387473852	-0.00582752091301265	0.0110888671875
-0.0158304194459569	0.056795987957288	0.0111181640625
-0.0471947273517713	-0.0353325887084273	0.0111474609375
0.0500285948183408	-0.0311804391454483	0.0111767578125
0.0109310422361035	0.0579218150093148	0.0112060546875
-0.0579406620483901	-0.0108003035448672	0.0112353515625
0.0310595267947977	-0.0500840642406621	0.0112646484375
0.0354214085363947	0.0470932120010526	0.0112939453125
-0.0567228168477194	0.0159469820098759	0.0113232421875
0.00569127563115819	-0.0586406790421512	0.0113525390625
0.0525875928025654	0.026551815266068	0.0113818359375
-0.0437993614943559	0.0393878405173756	0.0114111328125
-0.0208369451714197	-0.0550902739554689	0.0114404296875
0.0588910094100434	0.000542570960941739	0.0114697265625
-0.0218441974862497	0.0546864105255186	0.0114990234375
-0.0430495309954468	-0.0401725741251973	0.0115283203125
0.053037036825131	-0.0255635328105664	0.0115576171875
0.00460630047446715	0.0586900793869557	0.0115869140625
-0.0563647360038039	-0.0169729248710113	0.0116162109375
0.0362409169312236	-0.0463786382699315	0.0116455078125
0.030090628818665	0.050579175485629	0.0116748046875
-0.0580397804456576	0.00971585778171672	0.0117041015625
0.0119754771577607	-0.0576100278419549	0.0117333984375
0.0493498951889595	0.0320347755388422	0.0117626953125
-0.0477358535467509	0.0343836764528328	0.0117919921875
-0.0147469525461792	-0.0569454521055155	0.0118212890625
0.0584130785433096	0.00689027343659692	0.0118505859375
-0.0275866188681769	0.0519408013394404	0.0118798828125
-0.0384099426937466	-0.0445291785398511	0.0119091796875
0.0554158382277626	-0.0196610694236373	0.0119384765625
-0.00175637617571187	0.0587680826782537	0.0119677734375
-0.0541317938043678	-0.0229307479912528	0.0119970703125
0.040984029724775	-0.0421387683705894	0.0120263671875
0.024420621630508	0.0534630171538392	0.0120556640625
-0.058672678826884	0.003386809474478	0.0120849609375
0.0181030310892637	-0.0559063951890429	0.0121142578125
0.0455418021365783	0.0371278647070424	0.0121435546875
-0.0511023062448919	0.0289892390602206	0.0121728515625
-0.00849983877951993	-0.058127964993034	0.0122021484375
0.0572513377937169	0.0131406265602918	0.0122314453125
-0.0329905063701953	0.0485932165065224	0.0122607421875
-0.0333320468126875	-0.0483521415773804	0.0122900390625
0.0571384873913608	-0.0135435305842431	0.0123193359375
-0.00808169642038121	0.0581566629942851	0.0123486328125
-0.0512699043059438	-0.0286039117798714	0.0123779296875
0.0452339337403616	-0.0374159319996091	0.0124072265625
0.0184792682067453	0.0557122027147705	0.0124365234375
-0.0586157950855264	-0.00296511221171199	0.0124658203125
0.0240019248537874	-0.0535516540340612	0.0124951171875
0.0412097967790819	0.041771900864311	0.0125244140625
-0.0538604141934873	0.0232692957479096	0.0125537109375
-0.00216984431061978	-0.0586255890380492	0.0125830078125
0.0554213028068862	0.0192200147153194	0.0126123046875
-0.0379928801854392	0.044684795682087	0.0126416015625
-0.0278770075367004	-0.0515976819594186	0.0126708984375
0.0581863518220064	-0.00728378340356482	0.0127001953125
-0.0142950017568213	0.0568648657205911	0.0127294921875
-0.0478145554159096	-0.0339261196136184	0.0127587890625
0.0489417084265886	-0.0322672284886989	0.0127880859375
0.0123375101428882	0.0573018371547716	0.0128173828125
-0.0578716406574263	-0.00926477353336246	0.0128466796875
0.0296030509264029	-0.0505753754648519	0.0128759765625
0.0364064832253159	0.0459131995908382	0.0129052734375
-0.0559792137345686	0.0172923254795437	0.0129345703125
0.00416799268303129	-0.0584342877473411	0.0129638671875
0.0529464079598282	0.0250570463502065	0.0129931640625
-0.0425357033370145	0.04026325188999	0.0130224609375
-0.0221103232273348	-0.0542290072266368	0.0130517578125
0.0585488828941927	-0.000956200870502162	0.0130810546875
-0.0203231604176283	0.0549098154481237	0.0131103515625
-0.0438082107022258	-0.0388354260181125	0.0131396484375
0.0520650164706657	-0.0267546806982571	0.0131689453125
0.00606849113340173	0.0582149449757012	0.0131982421875
-0.056450905366568	-0.0154378591017285	0.0132275390625
0.034841028736892	-0.0470144554098128	0.0132568359375
0.0311899407527442	0.0495042045762673	0.0132861328125
-0.0574354365300243	0.0111296883533543	0.0133154296875
0.0104387383242057	-0.0575582402021714	0.0133447265625
0.0498577059316147	0.0305834049172068	0.0133740234375
-0.0465665657671442	0.035382283098392	0.0134033203125
-0.0161010300975152	-0.0562167379460334	0.0134326171875
0.058223722512519	0.00536423401419579	0.0134619140625
-0.0260954408931661	0.0523164906318376	0.0134912109375
-0.039299782758155	-0.0432749690196764	0.0135205078125
0.0545685953790417	-0.0209444787781656	0.0135498046875
-0.00025332595918749	0.0584426541723912	0.0135791015625
-0.0543723088230552	-0.0214117613758552	0.0136083984375
0.0396549797212332	-0.0429126537267506	0.0136376953125
0.0256230133386659	0.0525040428157048	0.0136669921875
-0.0582137694129034	0.00485476226583346	0.0136962890625
0.0165684617709946	-0.0560097702656902	0.0137255859375
0.0461934759527703	0.0357346607401725	0.0137548828125
-0.0500392989112761	0.030100912856767	0.0137841796875
-0.00992086497667707	-0.0575392414215881	0.0138134765625
0.057216710609656	0.0116028294208318	0.0138427734375
-0.031544354459089	0.0491174039114896	0.0138720703125
-0.0343440298884179	-0.0471936394161518	0.0139013671875
0.0564246624759601	-0.0149061753394946	0.0139306640625
-0.00655305592747639	0.0579842819101422	0.0139599609375
-0.0516623551793118	-0.0271164474661052	0.0139892578125
0.0439892461958578	-0.038320051456043	0.0140185546875
0.0197725432944626	0.0548789977873737	0.0140478515625
-0.0583070175425932	-0.00145794278225326	0.0140771484375
0.0224851197333453	-0.0538091775743002	0.0141064453125
0.0419987456811602	0.0404510340290302	0.0141357421875
-0.0529145134343553	0.0244827681515649	0.0141650390625
-0.00364339742654167	-0.058182871040244	0.0141943359375
0.0555417935951701	0.0176860802284364	0.0142236328125
-0.0366064565376157	0.0453521921750518	0.0142529296875
-0.0290008836092211	-0.0505466789641202	0.0142822265625
0.0576132285785958	-0.00871184192053315	0.0143115234375
-0.0127562910076275	0.0568473210669888	0.0143408203125
-0.0483549944277071	-0.032485292763248	0.0143701171875
0.0477940454361794	-0.0332924330066323	0.0143994140625
0.013708558433388	0.0566028950351522	0.0144287109375
-0.057716169085784	-0.00773368192744431	0.0144580078125
0.0281194160518663	-0.0509844725754183	0.0144873046875
0.0373247326996792	0.0446780998697698	0.0145166015625
-0.0551600537562361	0.0185953033923913	0.0145458984375
0.00265685818088661	-0.0581421085462949	0.0145751953125
0.0532208350801115	0.0235425470440398	0.0146044921875
-0.0412230972390064	0.041067121541419	0.0146337890625
-0.0233347152838371	-0.0532962003656147	0.0146630859375
0.0581223167334336	-0.00243519708224654	0.0146923828125
-0.0187899926877929	0.0550473280184546	0.0147216796875
-0.0444911945589468	-0.0374558713310813	0.0147509765625
0.0510260511494677	-0.0278906009473556	0.0147802734375
0.0075034227551666	0.0576573956584614	0.0148095703125
-0.0564503608512598	-0.0138983732988536	0.0148388671875
0.0334056259443215	-0.0475710190418353	0.0148681640625
0.0322282126005329	0.0483674267476627	0.0148974609375
-0.0567513640238719	0.0125089800798047	0.0149267578125
0.00890533978207911	-0.0574196077272409	0.0149560546875
0.0502833313934501	0.0291037080545547	0.0149853515625
-0.0453411120711706	0.0363145134684169	0.0150146484375
-0.0174135509459165	-0.0554116229043012	0.0150439453125
0.057948083564436	0.00384928320159948	0.0150732421875
-0.0245833647136007	0.0526077132483798	0.0151025390625
-0.0401184299821403	-0.0419706935483402	0.0151318359375
0.0536488954336551	-0.0221796318858199	0.0151611328125
0.00123096105443856	0.0580321943475479	0.0151904296875
-0.0545267455184677	-0.0198794855699786	0.0152197265625
0.0382823749754535	-0.0436110886179346	0.0152490234375
0.0267708215056346	0.0514771409884242	0.0152783203125
-0.0576717612793718	0.00629641223047772	0.0153076171875
0.0150283330086423	-0.0560261392032401	0.0153369140625
0.0467660355660329	0.0343047734121769	0.0153662109375
-0.0489134445539234	0.0311520991438059	0.0153955078125
-0.0113082439756983	-0.0568700186261492	0.0154248046875
0.0570948419796979	0.0100672620016198	0.0154541015625
-0.0300686967141129	0.0495594375547213	0.0154833984375
-0.0352900926193666	-0.0459778821506392	0.0155126953125
0.0556335852998893	-0.0162280826200644	0.0155419921875
-0.00503443183847874	0.0577251197746335	0.0155712890625
-0.0519702623015205	-0.0256069044345043	0.0156005859375
0.0426933633813219	-0.0391533330185046	0.0156298828125
0.0210183016589772	0.0539724104231674	0.0156591796875
-0.0579126127165023	3.14880342960907e-05	0.0156884765625
0.0209538539548939	-0.0539804372213156	0.0157177734375
0.0427124945685552	0.0390854523359309	0.0157470703125
-0.0518996933223181	0.0256423101809197	0.0157763671875
-0.00509161579311942	-0.0576563650619657	0.0158056640625
0.0555749851913197	0.0161454338155542	0.0158349609375
-0.0351821682558811	0.045940617767651	0.0158642578125
-0.0300648330219246	-0.0494317785919062	0.0158935546875
0.0569588288932612	-0.0101071563373079	0.0159228515625
-0.0112186863130272	0.0567421363506686	0.0159521484375
-0.0488133140676705	-0.0310137675146786	0.0159814453125
0.0465880270649059	-0.0342521804970867	0.0160107421875
0.0150396994038272	0.0558258415853805	0.0160400390625
-0.0574734150977863	-0.00621152151451773	0.0160693359375
0.0266125086144835	-0.0513089505526311	0.0160986328125
0.0381725056421865	0.0433906637076722	0.0161279296875
-0.0542665772440183	0.0198515144013509	0.0161572265625
0.00116242490053243	-0.0577637016417567	0.0161865234375
0.0534088132108165	0.0220124020271489	0.0162158203125
-0.0398646036365252	0.0417960469957045	0.0162451171875
-0.0245058396941222	-0.0522934725162547	0.0162744140625
0.0576112676601483	-0.00388983910428091	0.0163037109375
-0.0172489468228735	0.0550972475655408	0.0163330078125
-0.0450953550664059	-0.036037257619694	0.0163623046875
0.0499221273727623	-0.0289671641137675	0.0163916015625
0.00890652542312995	0.0570177858162911	0.0164208984375
-0.0563617756047326	-0.0123588561308226	0.0164501953125
0.0319383185848833	-0.0480455007593076	0.0164794921875
0.0332014985376701	0.047171181653028	0.0165087890625
-0.0559883130909523	0.0138492061416301	0.0165380859375
0.00737977355887587	-0.0571931881342857	0.0165673828125
0.0506242641726714	0.0275995307990209	0.0165966796875
-0.0440621683513172	0.0371766354518989	0.0166259765625
-0.0186800655511665	-0.0545312480851688	0.0166552734375
0.0575856118703466	0.00234998276696767	0.0166845703125
-0.0230544435168228	0.0528123023335306	0.0167138671875
-0.0408623945119133	-0.040619344799356	0.0167431640625
0.0526582626520121	-0.0233621901492935	0.0167724609375
0.00269188755921713	0.0575365507810351	0.0168017578125
-0.0545932946019606	-0.018338151013936	0.0168310546875
0.0368695030706013	-0.0442308522246161	0.0168603515625
0.0278598513695759	0.050384208412188	0.0168896484375
-0.0570469013878075	0.00770716105725029	0.0169189453125
0.0134870210235862	-0.0559540646482737	0.0169482421875
0.0472565539987411	0.0328417610908026	0.0169775390625
-0.0477269989021447	0.0321387788689869	0.0170068359375
-0.0126574110640387	-0.0561209419374872	0.0170361328125
0.0568846780898781	0.00853841368123742	0.0170654296875
-0.0285673360859959	0.0499167069497089	0.0170947265625
-0.0361664222780652	-0.0447074682901707	0.0171240234375
0.0547662955578129	-0.0175047557289745	0.0171533203125
-0.00353039315498634	0.0573785150623389	0.0171826171875
-0.0521913519951363	-0.0240793021332616	0.0172119140625
0.0413492077756474	-0.0399121994098918	0.0172412109375
0.022212148590836	0.0529938677101134	0.0172705078125
-0.0574323171941802	0.00149856580817236	0.0172998046875
0.0194123337018525	-0.0540635139376316	0.0173291015625
0.0433477290303583	0.0376783809577273	0.0173583984375
-0.050817758450258	0.0267436623858981	0.0173876953125
-0.00650987415337496	-0.0570462086527035	0.0174169921875
0.0555193284043854	0.0146024371758174	0.0174462890625
-0.0337235196209673	0.0464470464132574	0.0174755859375
-0.031064763906581	-0.048255150203362	0.0175048828125
0.0562236911284872	-0.0114651253187629	0.0175341796875
-0.00968667244257688	0.0565481446913047	0.0175634765625
-0.0491868000398371	-0.0295153015335753	0.0175927734375
0.0453261719455674	-0.0351425778033166	0.0176220703125
0.0163263902787239	0.0549716128277026	0.0176513671875
-0.0571426037478271	-0.0047028667031755	0.0176806640625
0.0250863119926399	-0.0515464279480175	0.0177099609375
0.0389461373098548	0.0420537408669383	0.0177392578125
-0.0533001117416358	0.0210565085578416	0.0177685546875
-0.000310677279404028	-0.0572986907301317	0.0177978515625
0.0535083123965687	0.0204707909729584	0.0178271484375
-0.0384633827628435	0.042446619974277	0.0178564453125
-0.0256193729772724	-0.0512225336610138	0.0178857421875
0.0570157617482063	-0.00531547624026974	0.0179150390625
-0.0157043678448512	0.0550579116781208	0.0179443359375
-0.0456175665972304	-0.0345830325632191	0.0179736328125
0.0487553255974028	-0.0299802059458933	0.0180029296875
0.010273162501652	0.0562965446312056	0.0180322265625
-0.0561838680919743	-0.0108237857212841	0.0180615234375
0.0304428165607496	-0.0484350817101549	0.0180908203125
0.0341058251780498	0.0459179054622004	0.0181201171875
-0.0551471137366523	0.0151457788081254	0.0181494140625
0.00586661757096611	-0.0568780912735901	0.0181787109375
0.0508780140704461	0.0260748180386254	0.0182080078125
-0.0427325090368721	0.0379648968015052	0.0182373046875
-0.0198960696375819	-0.0535768390289439	0.0182666015625
0.0571358162684111	0.000870976295345563	0.0182958984375
-0.0215128281250831	0.0529281158064347	0.0183251953125
-0.0415281739206224	-0.039224015441532	0.0183544921875
0.0515983098513591	-0.0244877667456353	0.0183837890625
0.00412477898829174	0.0569556359332067	0.0184130859375
-0.054570179012387	-0.0167920838121195	0.0184423828125
0.0354197524731879	-0.0447687188141508	0.0184716796875
0.0288858667511633	0.0492272340099245	0.0185009765625
-0.0563395074469328	0.00908233818840079	0.0185302734375
0.0119489951749994	-0.0557921487677541	0.0185595703125
0.0476621070744521	0.0313492833396387	0.0185888671875
-0.0464823129781246	0.0330568986316851	0.0186181640625
-0.0139637347290213	-0.0552927329131228	0.0186474609375
0.0565852117395506	0.00702086390720129	0.0186767578125
-0.0270441764558756	0.0501866121376182	0.0187060546875
-0.0369691790804936	-0.0433850942138418	0.0187353515625
0.0538239142357651	-0.0187316370175708	0.0187646484375
-0.00204559535252009	0.0569438597150255	0.0187939453125
-0.052323368806761	-0.0225377600986077	0.0188232421875
0.0399598017559058	-0.0405930537718662	0.0188525390625
0.0233496346481679	0.0519448826490773	0.0188818359375
-0.0568659276068749	0.00293859373810839	0.0189111328125
0.0178648638294407	-0.0540565145344057	0.0189404296875
0.043901122692337	0.0362331464338436	0.0189697265625
-0.0496706034764079	0.0277825171413748	0.0189990234375
-0.007893469467344	-0.0563526056704835	0.0190283203125
0.0553733074031039	0.0130615486974577	0.0190576171875
-0.0322341171799134	0.0468684478215607	0.0190869140625
-0.0319965430802744	-0.0470190568844713	0.0191162109375
0.0554084258720848	-0.0127810747974961	0.0191455078125
-0.00816482831432546	0.0562642199252226	0.0191748046875
-0.0494727415848068	-0.0279937550760899	0.0192041015625
0.0440110955831251	-0.0359596975810059	0.0192333984375
0.0175640210369658	0.0540412225464118	0.0192626953125
-0.0567230079696299	-0.00321238296514273	0.0192919921875
0.023544911901006	-0.0516945346486182	0.0193212890625
0.0396419361284367	0.0406702805973155	0.0193505859375
-0.0522620676805498	0.0222057745626538	0.0193798828125
-0.00175773103234505	-0.0567467543166679	0.0194091796875
0.0535173217934549	0.0189219950582632	0.0194384765625
-0.0370226964067129	0.0430154129140072	0.0194677734375
-0.0266709365739888	-0.0500851813563223	0.0194970703125
0.0563358865389381	-0.00670737447372793	0.0195263671875
-0.01416070087	0.0549276847677474	0.0195556640625
-0.0460546919368552	-0.0330967469047633	0.0195849609375
0.0475278180745424	-0.0309255137311894	0.0196142578125
0.0115986186548222	0.0554941691039627	0.0196435546875
-0.0559153912062363	-0.00929773830850231	0.0196728515625
0.0289229337760209	-0.0487369392630951	0.0197021484375
0.0349371776037858	0.0446101298693621	0.0197314453125
-0.0542286697941537	0.0163940367376616	0.0197607421875
0.00437054530750142	-0.0564734688824744	0.0197900390625
0.0510420949861344	0.0245336190241667	0.0198193359375
-0.0413550072996441	0.0386755109432433	0.0198486328125
-0.0210569908523819	-0.0525497007373164	0.0198779296875
0.0565982547559149	-0.000583000149104186	0.0199072265625
-0.0199627735029401	0.0529530235897472	0.0199365234375
-0.042112238899177	-0.0377878995731121	0.0199658203125
0.050470734536988	-0.0255519127259591	0.0199951171875
0.00552487192627401	0.056289418469654	0.0200244140625
-0.0544556415841025	-0.015245713407347	0.0200537109375
0.0339366152181587	-0.0452214434172296	0.0200830078125
0.0298445756840935	0.0480082961829889	0.0201123046875
-0.0555499601526521	0.0104171883700096	0.0201416015625
0.0104188267745608	-0.0555390214611831	0.0201708984375
0.0479797591876629	0.0298311048677506	0.0202001953125
-0.0451818316089052	0.0339023559402648	0.0202294921875
-0.0152225034158356	-0.0543861825786293	0.0202587890625
0.0561954712012793	0.00551929211573403	0.0202880859375
-0.025503227854186	0.0503665496601445	0.0203173828125
-0.0376944811716429	-0.0420135539426853	0.0203466796875
0.0528076379319022	-0.0199040939300832	0.0203759765625
-0.000584791360424657	0.056420588750966	0.0204052734375
-0.0523640617947598	-0.02098650443733	0.0204345703125
0.0385282686663255	-0.0411922644838542	0.0204638671875
0.0244262410740276	0.050827049626168	0.0204931640625
-0.0562132910877441	0.00434678066542732	0.0205224609375
0.0163158555972232	-0.0539575583857063	0.0205517578125
0.0443693219799201	0.0347531790631061	0.0205810546875
-0.04846020981391	0.0287545035300902	0.0206103515625
-0.00923760798297574	-0.0555758176829569	0.0206396484375
0.0551354269690737	0.0115273324150397	0.0206689453125
-0.0307176734802946	0.0472017722792863	0.0206982421875
-0.032855980493483	-0.0457258534116576	0.0207275390625
0.0545137083725001	-0.0140502441737403	0.0207568359375
-0.00665783714355027	0.0558892645082316	0.0207861328125
-0.0496684164742639	-0.0264530960733109	0.0208154296875
0.042645509645419	-0.0366995624172425	0.0208447265625
0.0187478998217101	0.0530357558426937	0.0208740234375
-0.056213937238109	-0.0017448381308791	0.0209033203125
0.0219925028236993	-0.0517508971635387	0.0209326171875
0.0402561675931083	0.0392433322941865	0.0209619140625
-0.0511539331340427	0.0232947244734782	0.0209912109375
-0.00317391919551931	-0.0561076152428968	0.0210205078125
0.0534338353668888	0.0173704047334057	0.0210498046875
-0.0355459099705943	0.0434989627655674	0.0210791015625
-0.0276560809486385	-0.0488832967583622	0.0211083984375
0.0555717815370972	-0.00806070305054459	0.0211376953125
-0.0126225001943516	0.0547049442973659	0.0211669921875
-0.0464035660996132	-0.0315820579319616	0.0211962890625
0.0462418662120299	-0.0317988098965752	0.0212255859375
0.0128780854728839	0.0546112156171238	0.0212548828125
-0.0555551191472186	-0.00778539861333735	0.0212841796875
0.0273825930533858	-0.0489482309638707	0.0213134765625
0.0356914825739531	0.0432504808489888	0.0213427734375
-0.0532339516478403	0.0175892297305185	0.0213720703125
0.00289633743731052	-0.0559785022303655	0.0214013671875
0.051114009139052	0.0229800937242035	0.0214306640625
-0.0399326352513053	0.0393046399099035	0.0214599609375
-0.0221581727361094	-0.0514512116442815	0.0214892578125
0.0559725230158275	-0.00200710522986153	0.0215185546875
-0.0184086465418108	0.0528848922239532	0.0215478515625
-0.0426110160359318	-0.036314294398923	0.0215771484375
0.0492773142009299	-0.0265501003030267	0.0216064453125
0.0068873001947326	0.0555379127805832	0.0216357421875
-0.0542479301810883	-0.0137035817758758	0.0216650390625
0.0324236900943732	-0.0455857445798019	0.0216943359375
0.0307316131281091	0.0467295595097141	0.0217236328125
-0.0546786938072225	0.0117068566894231	0.0217529296875
0.00890119966149175	-0.055193326141538	0.0217822265625
0.0482065461580253	0.0282911002410574	0.0218115234375
-0.0438280915889292	0.0346709814650454	0.0218408203125
-0.0164289096019311	-0.0534021432481562	0.0218701171875
0.0557145067743267	0.00403848964498824	0.0218994140625
-0.0239486127042376	0.050453895649018	0.0219287109375
-0.0383383865396798	-0.0405957388212148	0.0219580078125
0.0517187319738481	-0.021017402208558	0.0219873046875
0.000847155239654971	0.0558081677143951	0.0220166015625
-0.0523111679882552	-0.0194298755988807	0.0220458984375
0.0370578340631392	-0.0417061468666648	0.0220751953125
0.0254373622348892	0.0496420389152559	0.0221044921875
-0.0554742937374404	0.00571822665421142	0.0221337890625
0.0147698359525694	-0.0537647613931391	0.0221630859375
0.044748927743862	0.0332420157463123	0.0221923828125
-0.0471886415990462	0.0296551691261898	0.0222216796875
-0.0105373896708763	-0.0547161535649134	0.0222509765625
0.054804197102381	0.0100044687771818	0.0222802734375
-0.0291780115337413	0.0474439323350044	0.0223095703125
-0.0336388104788831	-0.0443779837570954	0.0223388671875
0.0535402693788889	-0.0152677696900724	0.0223681640625
-0.00517049865394545	0.0554221948971954	0.0223974609375
-0.0497710728955445	-0.0248974062272734	0.0224267578125
0.0412322210679262	-0.0373581256713673	0.0224560546875
0.0198732353508815	0.051956361321779	0.0224853515625
-0.0556147238594865	-0.00030511599243265	0.0225146484375
0.0204333957424827	-0.0517131208512704	0.0225439453125
0.0407850348358018	0.0377760462540338	0.0225732421875
-0.0499772674484231	0.0243186752582649	0.0226025390625
-0.0045543098394562	-0.0553810280148745	0.0226318359375
0.0532558346060945	0.0158205290702475	0.0226611328125
-0.0340364949179504	0.0438937514265636	0.0226904296875
-0.0285702664010071	-0.0476188397874278	0.0227197265625
0.0547236267027019	-0.00937051829641251	0.0227490234375
-0.0110944402354788	0.054388064128102	0.0227783203125
-0.0466609767720448	-0.0300427336457112	0.0228076171875
0.0448998173519607	-0.0325957322031974	0.0228369140625
0.014106644125533	0.0536482897106452	0.0228662109375
-0.0551018315442548	-0.00629157233736688	0.0228955078125
0.0258258320407875	-0.0490660751379302	0.0229248046875
0.0363645882353128	0.041841677116657	0.0229541015625
-0.0521639874067208	0.0187265003162523	0.0229833984375
0.00144889581310274	-0.0553923871608438	0.0230126953125
0.0510912279821815	0.0214185204742052	0.0230419921875
-0.0384684641469103	0.0398483737080002	0.0230712890625
-0.02319485535405	-0.0502828162939277	0.0231005859375
0.0552582405174715	-0.0033963768921143	0.0231298828125
-0.0168549354431156	0.052721566245802	0.0231591796875
-0.0430208669865722	-0.0348066022247798	0.0231884765625
0.04801990060241	-0.027477702646684	0.0232177734375
0.00820707804027219	0.0547011662757437	0.0232470703125
-0.0539452796947705	-0.0121703545225953	0.0232763671875
0.0308846864651541	-0.0458582834889731	0.0233056640625
0.031542520057329	0.0453932707180078	0.0233349609375
-0.0537261849389498	0.0129463704866189	0.0233642578125
0.00740092297430593	-0.0547537025068747	0.0233935546875
0.0483394544691947	0.0267332595525077	0.0234228515625
-0.0424237194234478	0.0353585175586597	0.0234521484375
-0.0175780305323284	-0.0523415185931838	0.0234814453125
0.0551413744829945	0.00258337413455117	0.0235107421875
-0.0223845733522887	0.0504459853384983	0.0235400390625
-0.0388968711154636	-0.0391346370992792	0.0235693359375
0.0505585220534377	-0.0220667255648148	0.0235986328125
0.00224525424955839	0.0551060774510162	0.0236279296875
-0.0521623923371694	-0.0178723377607338	0.0236572265625
0.0355518271909485	-0.0421309410152408	0.0236865234375
0.0263782843529848	0.0483915899872932	0.0237158203125
-0.0546488466233377	0.00704790553929377	0.0237451171875
0.013231458753725	-0.0534762165381329	0.0237744140625
0.0450364729870604	0.0317033034002724	0.0238037109375
-0.0458580407737473	0.0304799579232427	0.0238330078125
-0.0117877893733158	-0.0537739568628835	0.0238623046875
0.0543781143414364	0.00849776767442001	0.0238916015625
-0.0276190701974397	0.0475917805862704	0.0239208984375
-0.0343406690187533	-0.0429779780333782	0.0239501953125
0.0524888840064481	-0.01642866428494	0.0239794921875
-0.00370774386353588	0.054861923801438	0.0240087890625
-0.0497779074695439	-0.0233308883760326	0.0240380859375
0.0397741309369497	-0.0379312482363415	0.0240673828125
0.0209351155912127	0.0508042415869048	0.0240966796875
-0.0549247063161142	0.0011017672142113	0.0241259765625
0.0188720274865296	-0.0515787683422867	0.0241552734375
0.0412246550417803	0.0362716745613704	0.0241845703125
-0.048733693485086	0.0252728264174746	0.0242138671875
-0.00589383816515534	-0.0545667633997259	0.0242431640625
0.052981267527332	0.014277007082537	0.0242724609375
-0.0324980317149075	0.0441961819830566	0.0243017578125
-0.0294088397764743	-0.0462938432277506	0.0243310546875
0.0537916284526729	-0.0106317439849255	0.0243603515625
-0.00958132879556604	0.0539753942793048	0.0243896484375
-0.0468236405551121	-0.028482657793661	0.0244189453125
0.0435041008270869	-0.0333118096951817	0.0244482421875
0.0152792443047686	0.0526060336360667	0.0244775390625
-0.0545542941492954	-0.00482120132379986	0.0245068359375
0.024256810359536	-0.0490875273138592	0.0245361328125
0.036952239470163	0.0403865282292032	0.0245654296875
-0.0510198521508304	0.019800861390941	0.0245947265625
3.3260469972439e-05	-0.0547143158916438	0.0246240234375
0.0509711689914309	0.01985330524664	0.0246533203125
-0.0369656646027446	0.0403027052349184	0.0246826171875
-0.0241621517590672	-0.0490460164105039	0.0247119140625
0.0544550335942799	-0.00474571360197556	0.0247412109375
-0.0153062611017531	0.0524608455306988	0.0247705078125
-0.0433380631391121	-0.0332683328529127	0.0247998046875
0.0467004127828755	-0.0283299693171047	0.0248291015625
0.00947907970271741	0.0537792439061022	0.0248583984375
-0.0535458901281144	-0.0106508343532359	0.0248876953125
0.0293234288876692	-0.0460356385705452	0.0249169921875
0.0322727180210548	0.0440017537553184	0.0249462890625
-0.0526929384279134	0.0141306173577336	0.0249755859375
0.00592294667080724	-0.0542187655546298	0.0250048828125
0.048375395990582	0.0251616952951972	0.0250341796875
-0.04097142855145	0.0359605921121224	0.0250634765625
-0.018664804779636	-0.0512052515251353	0.0250927734375
0.0544751162082975	0.00115900703461575	0.0251220703125
-0.0208154812082112	0.050340088107493	0.0251513671875
-0.0393658021020481	-0.0376333333925378	0.0251806640625
0.0493283840101536	-0.0230470909330558	0.0252099609375
0.00360436943035396	0.0543137955411301	0.0252392578125
-0.0519153832739497	-0.0163184902342015	0.0252685546875
0.0340136827508349	-0.0424627847891218	0.0252978515625
0.0272441596017062	0.0470775033282523	0.0253271484375
-0.0537368686939427	0.00833064367766151	0.0253564453125
0.0117055184208411	-0.0530899701647037	0.0253857421875
0.0452283957115144	0.0301408030884093	0.0254150390625
-0.0444706210610043	0.0312241834344504	0.0254443359375
-0.0129836338397952	-0.0527495903647417	0.0254736328125
0.0538556389686694	0.00701218429811786	0.0255029296875
-0.0260449107060467	0.0476420825854121	0.0255322265625
-0.0349570660261444	-0.0415284487357513	0.0255615234375
0.0513603581278369	-0.0175277930360235	0.0255908203125
-0.00227465309655757	0.0542073385123185	0.0256201171875
-0.0496860384237432	-0.0217578754478635	0.0256494140625
0.0382742330952967	-0.0384146701867297	0.0256787109375
0.0219284817489533	0.0495806416103933	0.0257080078125
-0.0541432089184306	0.00247064271758665	0.0257373046875
0.0173129721133271	-0.05134533319127	0.0257666015625
0.0415710306620656	0.0347335721384338	0.0257958984375
-0.0474248881188033	0.0261522326769669	0.0258251953125
-0.00718728442432612	-0.053664589594353	0.0258544921875
0.052608023020119	0.0127446215197875	0.0258837890625
-0.0309342133891518	0.0444025496924463	0.0259130859375
-0.0301670060302018	-0.0449104054889674	0.0259423828125
0.0527760025351417	-0.0118391473772657	0.0259716796875
-0.00808812323468177	0.0534652361851786	0.0260009765625
-0.046888173931658	-0.0269058359863352	0.0260302734375
0.0420572231085509	-0.0339424333176843	0.0260595703125
0.0163906785111709	0.0514851111178409	0.0260888671875
-0.0539112352196321	-0.00337938205857694	0.0261181640625
0.0226798183080476	-0.0490095513959867	0.0261474609375
0.0374500477642412	0.0388879322268718	0.0261767578125
-0.0498026547525932	0.0208071688922295	0.0262060546875
-0.00134536961656558	-0.0539434547372232	0.0262353515625
0.0507511672693771	0.0182889929534196	0.0262646484375
-0.0354275068262385	0.0406634996032079	0.0262939453125
-0.0250550192157505	-0.0477423599420535	0.0263232421875
0.0535625147163043	-0.00604985142173703	0.0263525390625
-0.0137673909999728	0.0521004575567307	0.0263818359375
-0.0435587546115491	-0.0317031064763586	0.0264111328125
0.0453208284825032	-0.0291019962133167	0.0264404296875
0.0106980144328135	0.0527722091910297	0.0264697265625
-0.0530478997512973	-0.00914997753194715	0.0264990234375
0.0277438627297571	-0.0461142743868945	0.0265283203125
0.0329174780069488	0.0425574037152673	0.0265576171875
-0.0515794704855899	0.0152543182430221	0.0265869140625
0.00447238050105201	-0.0535870798605813	0.0266162109375
0.0483111770092454	0.0235806507415585	0.0266455078125
-0.0394740159048173	0.0364726865370507	0.0266748046875
-0.0196840035494985	-0.0499943093161913	0.0267041015625
0.0537147353201719	-0.000229384972799459	0.0267333984375
-0.0192458479071796	0.0501333768855041	0.0267626953125
-0.0397409052931856	-0.0360950079803703	0.0267919921875
0.0480297312717919	-0.0239533581567443	0.0268212890625
0.00491919472209518	0.0534307735120786	0.0268505859375
-0.0515677027381689	-0.0147730814082275	0.0268798828125
0.0324469430260835	-0.0426976806958871	0.0269091796875
0.0280299743551284	0.04570163036635	0.0269384765625
-0.052738265793459	0.00956109391869661	0.0269677734375
0.0101969666405983	-0.0526039928700518	0.0269970703125
0.0453210056060033	0.0285583950443129	0.0270263671875
-0.043028660531123	0.0318829957035803	0.0270556640625
-0.0141195735770434	-0.051643417131485	0.0270849609375
0.0532351670154857	0.0055528385633502	0.0271142578125
-0.0244597246431115	0.0475914835796265	0.0271435546875
-0.0354833513302852	-0.0400320860852128	0.0271728515625
0.0501555116286279	-0.0185598430396055	0.0272021484375
-0.000876478059205065	0.0534572742702437	0.0272314453125
-0.0494924726393617	-0.0201828414111763	0.0272607421875
0.0367356123827453	-0.038803975966799	0.0272900390625
0.0228480963476984	0.0482868344087735	0.0273193359375
-0.0532695167788983	0.00379616456831323	0.0273486328125
0.0157609548448458	-0.0510102074922759	0.0273779296875
0.0418200140448595	0.0331651979858337	0.0274072265625
-0.0460525705164501	0.0269517704518813	0.0274365234375
-0.00842924681849009	-0.0526742490467063	0.0274658203125
0.0521338992949358	0.0112283157753572	0.0274951171875
-0.0293488498539445	0.0445090063107083	0.0275244140625
-0.0308397932831386	-0.0434706816581702	0.0275537109375
0.0516769529318802	-0.0129873097942491	0.0275830078125
-0.00661995031408084	0.0528558122412641	0.0276123046875
-0.046851057551939	-0.0253164031672135	0.0276416015625
0.0405617617851002	-0.0344828197882706	0.0276708984375
0.017435550450654	0.0502861885623881	0.0277001953125
-0.0531713164294887	-0.00197138838856433	0.0277294921875
0.021099287518013	-0.0488289841796432	0.0277587890625
0.0378534541313973	0.037348872677128	0.0277880859375
-0.0485135216073738	0.0217400881947085	0.0278173828125
-0.002681611021399	-0.0530789166497555	0.0278466796875
0.0504284405675808	0.0167302813069273	0.0278759765625
-0.0338573608420379	0.0409264563722588	0.0279052734375
-0.0258682237881042	-0.0463734275151682	0.0279345703125
0.0525802569208683	-0.00730333581696319	0.0279638671875
-0.0122432562665867	0.0516380232170117	0.0279931640625
-0.0436789320571527	-0.0301146571847154	0.0280224609375
0.0438831735076039	-0.0297886885668097	0.0280517578125
0.0118583957470058	0.0516801007927135	0.0280810546875
-0.0524493519894224	-0.0076729141088853	0.0281103515625
0.0261500610314964	-0.0460905032936604	0.0281396484375
0.0334718820730128	0.0410626792899794	0.0281689453125
-0.0503862876187799	0.0163119942843504	0.0281982421875
0.00305451734925459	-0.0528571278281193	0.0282275390625
0.0481434600258642	0.0219945102136698	0.0282568359375
-0.0379343576000601	0.036890096285919	0.0282861328125
-0.020630195317342	-0.0487096651885492	0.0283154296875
0.0528591665735161	-0.00157638359874236	0.0283447265625
-0.0176803390175704	0.0498228903837581	0.0283740234375
-0.040017724747905	-0.034522935872061	0.0284033203125
0.0466639992921141	-0.0247801826049498	0.0284326171875
0.00618422494086428	0.0524564086626187	0.0284619140625
-0.0511167891446302	-0.0132410258990116	0.0284912109375
0.0308552604359088	-0.0428314550015449	0.0285205078125
0.0287305100056072	0.0442658609667011	0.0285498046875
-0.0516529046904498	0.0107337035043652	0.0285791015625
0.00871093293532646	-0.0520161435156192	0.0286083984375
0.0453104428860978	0.0269600848042821	0.0286376953125
-0.0415344923457612	0.0324513405655563	0.0286669921875
-0.0151900481087617	-0.0504557769982283	0.0286962890625
0.0525149956240648	0.00412503904851368	0.0287255859375
-0.0228678437196523	0.0474364673858937	0.0287548828125
-0.0359146726417142	-0.0384916521957193	0.0287841796875
0.0488751576385582	-0.0195192862110362	0.0288134765625
0.000481330924783774	0.052610481284378	0.0288427734375
-0.0491940648765651	-0.0186104147398803	0.0288720703125
0.0351614423799777	-0.0390945513397047	0.0289013671875
0.0236885037749054	0.0469241032499191	0.0289306640625
-0.0523028447943011	0.00507277921081936	0.0289599609375
0.0142208692347873	-0.050570641776504	0.0289892578125
0.0419672636648032	0.031570116634841	0.0290185546875
-0.0446184875506123	0.0276660963690005	0.0290478515625
-0.00961410800843629	-0.0515954297001751	0.0290771484375
0.0515565647811826	0.00973321474304206	0.0291064453125
-0.0277458731762486	0.0445115159129754	0.0291357421875
-0.031422009571536	-0.0419768723342884	0.0291650390625
0.0504946456568446	-0.0140705902206732	0.0291943359375
-0.00518213070120872	0.0521452280332128	0.0292236328125
-0.0467085919699276	-0.0237186327785772	0.0292529296875
0.0390203580137108	-0.0349279668464149	0.0292822265625
0.0184082359182613	0.0490099116929476	0.0293115234375
-0.0523330967608007	-0.000602699605324802	0.0293408203125
0.0195198040743519	-0.0485424913379138	0.0293701171875
0.038157683157043	0.0357724149152443	0.0293994140625
-0.0471535763744966	0.0225940524840407	0.0294287109375
-0.0039698643059929	-0.0521197271012684	0.0294580078125
0.0500000458683945	0.0151820379206805	0.0294873046875
-0.0322586966738829	0.041087062697436	0.0295166015625
-0.026596296440499	-0.0449408155374381	0.0295458984375
0.0515077620109879	-0.00850048674176403	0.0295751953125
-0.010738972757594	0.0510710143470042	0.0296044921875
-0.0436943792480466	-0.0285068372136779	0.0296337890625
0.0423895084323115	-0.03038471503127	0.0296630859375
0.0129545033192029	0.0505029033489038	0.0296923828125
-0.0517481542505579	-0.00622497294886608	0.0297216796875
0.0245462329220572	-0.0459604378015885	0.0297509765625
0.0339307757109283	0.0395200932899001	0.0297802734375
-0.0491138604053088	0.0172979257100948	0.0298095703125
0.00167486214704411	-0.0520272701739687	0.0298388671875
0.0478687162514465	0.0204078117389906	0.0298681640625
-0.0363554034730589	0.0372078817967613	0.0298974609375
-0.0214977019230626	-0.0473522753292714	0.0299267578125
0.0519072386074481	-0.00287634624288586	0.0299560546875
-0.0161237909776848	0.0494054860939674	0.0299853515625
-0.0401915726452286	-0.0329204855291745	0.0300146484375
0.0452326260865126	-0.0255219687206386	0.0300439453125
0.00739371940875279	0.0513900089281623	0.0300732421875
-0.0505599112599387	-0.0117274257779694	0.0301025390625
0.0292424005933262	-0.0428597068419164	0.0301318359375
0.029340294236913	0.04277210775211	0.0301611328125
-0.0504805806552006	0.0118426741911575	0.0301904296875
0.00725275016156758	-0.0513241243625414	0.0302197265625
0.0451926270269146	0.0253500107195986	0.0302490234375
-0.0399904931082175	0.0329239089419112	0.0302783203125
-0.0161892427783567	-0.0491869572008615	0.0303076171875
0.0516932798259419	0.00273431271096774	0.0303369140625
-0.0212737518301993	0.04717330512447	0.0303662109375
-0.0362459231921495	-0.0369099736760818	0.0303955078125
0.0475200765326549	-0.0204003329889024	0.0304248046875
0.0017930910697709	0.051665583539107	0.0304541015625
-0.0487874669003239	-0.0170453950717026	0.0304833984375
0.0335549824596118	-0.0392815297169253	0.0305126953125
0.024443981139042	0.0454937193389686	0.0305419921875
-0.0512422988621331	0.00629468763171801	0.0305712890625
0.0126977984545908	-0.0500236949323845	0.0306005859375
0.0420081895091213	0.0299519998173456	0.0306298828125
-0.0431243954637642	0.0282895955569263	0.0306591796875
-0.0107359934112687	-0.0504277289965162	0.0306884765625
0.0508735092507294	0.0082646507221038	0.0307177734375
-0.0261293440071123	0.0444057997220652	0.0307470703125
-0.0319081888802836	-0.0404312095431279	0.0307763671875
0.0492291759137809	-0.0150830799413916	0.0308056640625
-0.00378020945026618	0.0513314250775777	0.0308349609375
-0.0464568423170996	-0.0221169480626888	0.0308642578125
0.037435706935186	-0.0352725973672667	0.0308935546875
0.0193028339974817	0.0476568762185401	0.0309228515625
-0.0513949872767677	0.000720964578780425	0.0309521484375
0.0179461247634321	-0.0481465123588812	0.0309814453125
0.0383576855549719	0.0341617011848987	0.0310107421875
-0.045723914499817	0.0233632107770294	0.0310400390625
-0.00520427466360559	-0.0510647813040311	0.0310693359375
0.049462825015315	0.013649321547155	0.0310986328125
-0.0306350844063356	0.0411405347168307	0.0311279296875
-0.0272334781695437	-0.0434461148979058	0.0311572265625
0.0503444206322245	-0.0096353550576983	0.0311865234375
-0.00925986728903799	0.0503967004873049	0.0312158203125
-0.0436006137006461	-0.0268836220935055	0.0312451171875
0.040841911781423	-0.0308844502474265	0.0312744140625
0.0139803353642786	0.0492405108081115	0.0313037109375
-0.050942026266373	-0.00481171292763554	0.0313330078125
0.022936733988025	-0.0457199308688344	0.0313623046875
0.0342887081969767	0.037932200588996	0.0313916015625
-0.0477625904784437	0.0182061004108181	0.0314208984375
0.000339167963494759	-0.0510956962952668	0.0314501953125
0.0474831660120183	0.0188252627363402	0.0314794921875
-0.0347401700410124	0.0374208070107584	0.0315087890625
-0.0222805436023947	-0.0459230499006833	0.0315380859375
0.0508576267875607	-0.0041233651192045	0.0315673828125
-0.0145812321601326	0.0488777812652931	0.0315966796875
-0.0402574663759233	-0.0312911170695392	0.0316259765625
0.0437370276275642	-0.0261728118073468	0.0316552734375
0.00854165644501977	0.0502307486435101	0.0316845703125
-0.049894110222533	-0.0102375970381405	0.0317138671875
0.0276122459437118	-0.0427777443216117	0.0317431640625
0.0298535399005601	0.0412222862221482	0.0317724609375
-0.0492209765815552	0.0128819122956606	0.0318017578125
0.00582798636077518	-0.0505254246143464	0.0318310546875
0.044963192324037	0.0237324531885257	0.0318603515625
-0.0383990680205872	0.0332950731743148	0.0318896484375
-0.01711103457908	-0.0478371552851041	0.0319189453125
0.0507679780918448	0.00138644206327477	0.0319482421875
-0.0196821000002131	0.0467979907163534	0.0319775390625
-0.0364716759250477	-0.0352899321122648	0.0320068359375
0.0460909830420953	-0.0211968742184583	0.0320361328125
0.00305284472686083	0.0506210268369743	0.0320654296875
-0.0482690634059726	-0.0154927739539617	0.0320947265625
0.0319195738502361	-0.0393597246358034	0.0321240234375
0.025108476514164	0.0439969135283312	0.0321533203125
-0.0500868269006918	0.00745579787701912	0.0321826171875
0.0111970418797484	-0.0493661710645385	0.0322119140625
0.0419378842989673	0.0283146283360751	0.0322412109375
-0.0415720365533468	0.028816316598944	0.0322705078125
-0.0117887188232118	-0.0491706083515	0.0322998046875
0.0500819821261006	0.00682819584388916	0.0323291015625
-0.0245034594454377	0.0441872665568463	0.0323583984375
-0.0322925231872188	-0.0388359387494058	0.0323876953125
0.0478805264965182	-0.0160185454998818	0.0324169921875
-0.00241999422387002	0.050412121102262	0.0324462890625
-0.046091568483534	-0.0205159360679387	0.0324755859375
0.0358105453370632	-0.0355110889161088	0.0325048828125
0.0201131056285121	0.0462275906146727	0.0325341796875
-0.0503551939008453	0.00199360010327597	0.0325634765625
0.0163831973297544	-0.0476371909846301	0.0325927734375
0.0384480656842628	0.0325199442444928	0.0326220703125
-0.0442255708153964	0.0240413624164566	0.0326513671875
-0.00637868242190949	-0.0499127900141281	0.0326806640625
0.0488133359518006	0.0121374086494554	0.0327099609375
-0.028990193992593	0.0410817435141023	0.0327392578125
-0.0277736507829718	-0.0418908838039716	0.0327685546875
0.0490894616225704	-0.0107016676499694	0.0327978515625
-0.00781151054286373	0.0496120814772074	0.0328271484375
-0.0433928115966546	-0.0252491168788917	0.0328564453125
0.0392424584971719	-0.0312819023058865	0.0328857421875
0.0149295485976344	0.0478926798392507	0.0329150390625
-0.05002843460481	-0.00343896214422297	0.0329443359375
0.0213260791044285	-0.0453645003188405	0.0329736328125
0.0345398571762739	0.0363015825865007	0.0330029296875
-0.046332768497337	0.0190301490192759	0.0330322265625
-0.000946518552916835	-0.0500603612713754	0.0330615234375
0.046982703224437	0.0172517595847587	0.0330908203125
-0.0330917312912173	0.0375232615538167	0.0331201171875
-0.0229723695112792	-0.0444228160560559	0.0331494140625
0.0497087932683491	-0.00531121571114812	0.0331787109375
-0.0130579092692711	0.0482360780188483	0.0332080078125
-0.0402100488323516	-0.02963837967923	0.0332373046875
0.0421785663696793	-0.0267264243676633	0.0332666015625
0.00962167589435205	0.0489776122348133	0.0332958984375
-0.0491161258930518	-0.00877710286151526	0.0333251953125
0.0259688000572455	-0.0425805034552295	0.0333544921875
0.0302640675828758	0.03961828922568	0.0333837890625
-0.0478736108701835	0.0138449655248214	0.0334130859375
0.00444248488839747	-0.0496172486121365	0.0334423828125
0.0446174060590753	0.0221118460436254	0.0334716796875
-0.0367626317134274	0.0335588062788552	0.0335009765625
-0.0179489235645821	-0.0464064317318114	0.0335302734375
0.0497367829887709	8.75121036343564e-05	0.0335595703125
-0.018097725036758	0.0463061588728151	0.0335888671875
-0.0365860999363312	-0.0336344516309635	0.0336181640625
0.0445884841561019	-0.0219024074731629	0.0336474609375
0.00425430576619125	0.0494750125385125	0.0336767578125
-0.0476348904552551	-0.013957760877702	0.0337060546875
0.0302586342735872	-0.0393235439253867	0.0337353515625
0.0256755305532843	0.0424348400102957	0.0337646484375
-0.0488351562918041	0.00854966491570415	0.0337939453125
0.00972414857565489	-0.0485945390183332	0.0338232421875
0.0417510359566591	0.0266618940731462	0.0338525390625
-0.0399631091444576	0.0292398888679916	0.0338818359375
-0.0127657239882079	-0.0478233349153933	0.0339111328125
0.0491789137507412	0.00542970302364901	0.0339404296875
-0.0228725626716247	0.0438509242103469	0.0339697265625
-0.0325687759978066	-0.0371932955692423	0.0339990234375
0.0464485144717564	-0.0168703562522234	0.0340283203125
-0.00110760367066446	0.0493847337303588	0.0340576171875
-0.045608136047093	-0.018920365112904	0.0340869140625
0.0341476355316123	-0.0356373840070813	0.0341162109375
0.020832395482524	0.0447224283183082	0.0341455078125
-0.0492116441886165	0.00320886285531693	0.0341748046875
0.014836185924061	-0.0470102863587202	0.0342041015625
0.038422989100222	0.030850418798188	0.0342333984375
-0.0426594778167714	0.0246218736558204	0.0342626953125
-0.00748656016996952	-0.0486622100672983	0.0342919921875
0.048047764777204	0.0106518269326344	0.0343212890625
-0.0273277945830245	0.040905120571616	0.0343505859375
-0.0282102486405162	-0.0402766126857637	0.0343798828125
0.0477418869848273	-0.0116927576029487	0.0344091796875
-0.00639975872343913	0.048713801127975	0.0344384765625
-0.0430657117869314	-0.0236075636723939	0.0344677734375
0.0375931919862344	-0.0315706201418431	0.0344970703125
0.0157953817374992	0.0464589699046438	0.0345263671875
-0.0490045086838933	-0.0021128676839471	0.0345556640625
0.0197189584008628	-0.0448892320778229	0.0345849609375
0.0346779322612187	0.0346308268768753	0.0346142578125
-0.0448245199710076	0.0197632620784864	0.0346435546875
-0.00217579938427671	-0.0489189049505835	0.0346728515625
0.0463627985824904	0.0156924122244204	0.0347021484375
-0.0314132064149657	0.0375091611374552	0.0347314453125
-0.0235663689589478	-0.0428522701459899	0.0347607421875
0.0484589098895427	-0.00643329109763476	0.0347900390625
-0.0115593207111972	0.0474762672244481	0.0348193359375
-0.0400434862568865	-0.0279659078074375	0.0348486328125
0.0405585104446635	-0.0271760418608731	0.0348779296875
0.0106270057782961	0.0476293216611612	0.0349072265625
-0.0482223021863277	-0.00735179583173464	0.0349365234375
0.0243161926325377	-0.0422624441523592	0.0349658203125
0.0305652064056088	0.0379619537223214	0.0349951171875
-0.0464377701447184	0.0147249422261974	0.0350244140625
0.00310241547859433	-0.0485964234044891	0.0350537109375
0.0441500633506769	0.0204927906581628	0.0350830078125
-0.0350835831153725	0.0337085783639553	0.0351123046875
-0.0186959450392967	-0.0448946486645134	0.0351416015625
0.0485970317832659	-0.00115602982457489	0.0351708984375
-0.0165256729749327	0.0456929795776926	0.0352001953125
-0.0365828531400976	-0.0319464823782045	0.0352294921875
0.0430130245199795	-0.0225099425918809	0.0352587890625
0.00539079104805432	0.0482254120018049	0.0352880859375
-0.0468805303876168	-0.0124458162388437	0.0353173828125
0.0285756504871696	-0.0391668793025996	0.0353466796875
0.0261381758450833	0.0408085290808301	0.0353759765625
-0.0474857129613176	0.0095694136377947	0.0354052734375
0.00828495988408315	-0.0477048285447881	0.0354345703125
0.0414418148639856	0.024997802001106	0.0354638671875
-0.0382992283648921	0.0295534162405347	0.0354931640625
-0.0136599873909825	-0.0463849060947846	0.0355224609375
0.0481608136545139	0.00407535821450459	0.0355517578125
-0.0212411547752335	0.0433912651479501	0.0355810546875
-0.0327301710170699	-0.035505475166353	0.0356103515625
0.0449327219327203	-0.0176313912941731	0.0356396484375
0.000150470683639581	0.0482462817102753	0.0356689453125
-0.0450014012311011	-0.0173352067181227	0.0356982421875
0.032449743941692	-0.0356448743952923	0.0357275390625
0.0214535314357224	0.0431415654870703	0.0357568359375
-0.0479618923975003	0.00435999724503524	0.0357861328125
0.0133105033618222	-0.0462610581002495	0.0358154296875
0.0382760631882441	0.0291564497919269	0.0358447265625
-0.0410264111785919	0.0250975701654725	0.0358740234375
-0.00852093197969687	-0.0473111541682868	0.0359033203125
0.047161811826814	0.00919839808166448	0.0359326171875
-0.0256517529996288	0.0406045355226162	0.0359619140625
-0.0285361447483309	-0.0386046781900158	0.0359912109375
0.0463003872743857	-0.0126014743253133	0.0360205078125
-0.00503080685433075	0.0476980352256518	0.0360498046875
-0.0426134914908306	-0.0219633506870815	0.0360791015625
0.0358960872777279	-0.0317435738446144	0.0361083984375
0.0165705568700462	0.0449386651172182	0.0361376953125
-0.0478669316353641	-0.000839959478007844	0.0361669921875
0.0181202572571789	-0.044288654698891	0.0361962890625
0.0346960502512502	0.0329225002156204	0.0362255859375
-0.0432377344414565	0.0203980830624345	0.0362548828125
-0.00334185079789857	-0.0476685466282516	0.0362841796875
0.0456183738264267	0.014152575362002	0.0363134765625
-0.0297077431765304	0.0373718184495731	0.0363427734375
-0.0240551565801721	-0.0412119150621026	0.0363720703125
0.0471057576312971	-0.00748251728112258	0.0364013671875
-0.0100912592115019	0.0465937034747352	0.0364306640625
-0.0397513356282688	-0.0262774154780241	0.0364599609375
0.0388779799725705	-0.0275143006006934	0.0364892578125
0.0115503675395736	0.0461842416115804	0.0365185546875
-0.0472084637422105	-0.00596787208859786	0.0365478515625
0.0226586852293334	-0.0418174149829838	0.0365771484375
0.0307496653010658	0.0362550168315417	0.0366064453125
-0.0449124211503578	0.0155144068782512	0.0366357421875
0.0018143399777401	-0.0474592781338963	0.0366650390625
0.0435553502370962	0.0188800735122981	0.0366943359375
-0.0333642719681662	0.0337372220119991	0.0367236328125
-0.0193445557107118	-0.043301389397349	0.0367529296875
0.047345589582802	-0.00233729676374033	0.0367822265625
-0.0149712288153724	0.0449530204765837	0.0368115234375
-0.0364549425589408	-0.0302289781786685	0.0368408203125
0.0413648145604442	-0.0230118789967286	0.0368701171875
0.00645513175162683	0.046869654531619	0.0368994140625
-0.0460009745499178	-0.0109626935080927	0.0369287109375
0.0268741677092593	-0.0388829624445694	0.0369580078125
0.0264888059882314	0.0391188247429786	0.0369873046875
-0.046036515195115	0.0105076390046989	0.0370166015625
0.00688566420184374	-0.046692494444588	0.0370458984375
0.0410037266572953	0.0233264719311298	0.0370751953125
-0.0365818740923901	0.02974933860435	0.0371044921875
-0.0144639155465683	-0.0448539502934078	0.0371337890625
0.0470236372186787	0.00277174788321058	0.0371630859375
-0.0196139093135418	0.0428021170290514	0.0371923828125
-0.032769246853099	-0.0337745913657266	0.0372216796875
0.0433324047133498	-0.018293918303593	0.0372509765625
0.00134728426702082	0.0469932552344384	0.0372802734375
-0.0442655602146819	-0.0157656633852494	0.0373095703125
0.0307196121525055	-0.0355262498211375	0.0373388671875
0.0219686934736221	0.0414848987182097	0.0373681640625
-0.0466029946109071	0.00543974344284005	0.0373974609375
0.0118118524493015	-0.0453841155181017	0.0374267578125
0.0380001808730466	0.0274413961172305	0.0374560546875
-0.0393269174840994	0.0254605966040589	0.0374853515625
-0.00947426824927491	-0.0458572719833132	0.0375146484375
0.0461505419516079	0.00778329287287107	0.0375439453125
-0.023966030738713	0.0401731358267006	0.0375732421875
-0.0287435016986253	-0.0368762818916751	0.0376025390625
0.0447632298259518	-0.0134200663009578	0.0376318359375
-0.0037112578188807	0.0465603440782071	0.0376611328125
-0.0420296030111812	-0.0203210231212438	0.0376904296875
0.0341530016458323	-0.0317929977609852	0.0377197265625
0.0172471505135557	0.0433306707619191	0.0377490234375
-0.0466117963542045	0.000372766683490393	0.0377783203125
0.0165350815426982	-0.0435565742567041	0.0378076171875
0.0345865712878479	0.0311791119305474	0.0378369140625
-0.0415719714456969	0.0209265682651246	0.0378662109375
-0.00443732642046848	-0.0463059458587228	0.0378955078125
0.0447436360192204	0.0126378884784801	0.0379248046875
-0.0279784949300221	0.0371037733395697	0.0379541015625
-0.0244306216655814	-0.0395019767628324	0.0379833984375
0.045646593465454	-0.0084512425168502	0.0380126953125
-0.00865986690094064	0.0455830400002477	0.0380419921875
-0.0393263699406888	-0.0245766876614335	0.0380712890625
0.0371378752413642	-0.027733077250389	0.0381005859375
0.012383851905509	0.0446402536808141	0.0381298828125
-0.0460697527849389	-0.00463194169994666	0.0381591796875
0.021000677667578	-0.0412384746970336	0.0381884765625
0.0308093635006854	0.0344990567140981	0.0382177734375
-0.0432960935384049	0.0162052428807584	0.0382470703125
0.000585298103566592	-0.0462014841867405	0.0382763671875
0.0428266626604925	0.0172786882052798	0.0383056640625
-0.0316069534065391	0.0336367546930023	0.0383349609375
-0.0198864839153267	-0.0416258511021875	0.0383642578125
0.0459786941551338	-0.00344886100714645	0.0383935546875
-0.0134399546436581	0.0440800646208976	0.0384228515625
-0.0361945396956314	-0.0284848657494086	0.0384521484375
0.0396437342885889	-0.0233998439806088	0.0384814453125
0.00743955699143961	0.045404578270688	0.0385107421875
-0.0449904411608706	-0.0095144938494495	0.0385400390625
0.0251577743310561	-0.0384641744490627	0.0385693359375
0.0267190026831724	0.0373663008688635	0.0385986328125
-0.0444850320192457	0.0113562746666433	0.0386279296875
0.00553286838307102	-0.0455522359709285	0.0386572265625
0.0404294170009002	0.0216521395083046	0.0386865234375
-0.0348123206573929	0.0298192486152329	0.0387158203125
-0.0151691969923754	-0.0432285942026039	0.0387451171875
0.045762608085063	0.00152594736564705	0.0387744140625
-0.0179956902847997	0.0420764441065605	0.0388037109375
-0.0326776644140648	-0.0320026210282233	0.0388330078125
0.0416463700047726	-0.0188494334079698	0.0388623046875
0.00247533410394597	0.0456214428638287	0.0388916015625
-0.04339394855418	-0.0142172041448025	0.0389208984375
0.028959917027147	-0.03527329713677	0.0389501953125
0.0223692400636476	0.0397519343904108	0.0389794921875
-0.0451313417189264	0.00644021509942607	0.0390087890625
0.0103462795961224	-0.0443732165259093	0.0390380859375
0.0375873126746994	0.0257086274638683	0.0390673828125
-0.0375612166641348	0.0257022302558153	0.0390966796875
-0.0103383467103932	-0.0442975907395245	0.0391259765625
0.0450081844675811	0.00641310322439909	0.0391552734375
-0.0222746784740311	0.0396031330617071	0.0391845703125
-0.0288235734616997	-0.0350923671629474	0.0392138671875
0.0431281085454633	-0.0141400257303319	0.0392431640625
-0.00244821309948206	0.0452954750999707	0.0392724609375
-0.0413065556699246	-0.0186852961318524	0.0393017578125
0.0323656071913721	-0.0317101814612072	0.0393310546875
0.0178164223799329	0.0416333738538715	0.0393603515625
-0.0452344123700849	0.00151773960324821	0.0393896484375
0.0149687897760252	-0.0426858534305137	0.0394189453125
0.0343408801414705	0.0294030634360691	0.0394482421875
-0.0398263334028411	0.0213398003096217	0.0394775390625
-0.00545422889882304	-0.0448270153069185	0.0395068359375
0.0437318553694881	0.011154327777797	0.0395361328125
-0.0262285882132339	0.0366965656974069	0.0395654296875
-0.0246837271910501	-0.0377222910279674	0.0395947265625
0.044077970911032	-0.00933109034307721	0.0396240234375
-0.00727170753226436	0.044438006905795	0.0396533203125
-0.0387603440678751	-0.0228675670085445	0.0396826171875
0.0353387788313969	-0.0278232742896703	0.0397119140625
0.0131187535975919	0.0429945863716213	0.0397412109375
-0.0448004095190298	-0.00335112149333611	0.0397705078125
0.0193467148645545	-0.0405176525823804	0.0397998046875
0.0307352035003586	0.0326954115208175	0.0398291015625
-0.0415867210655404	0.0167884694065431	0.0398583984375
-0.000577078901956939	-0.0448178395574584	0.0398876953125
0.041956362938057	0.0156938632501083	0.0399169921875
-0.0298137251235642	0.0333981404331401	0.0399462890625
-0.0203125292324962	-0.0398666989495311	0.0399755859375
0.0444917461219035	-0.0044826195669755	0.0400048828125
-0.0119377391166265	0.0430668647748165	0.0400341796875
-0.035792732250695	-0.0267170013990356	0.0400634765625
0.0378492021089847	-0.0236644758615635	0.0400927734375
0.0083355385060281	0.0438262281248721	0.0401220703125
-0.0438421292719526	-0.00810773790128597	0.0401513671875
0.0234300793795103	-0.0379017890839782	0.0401806640625
0.0268193033678592	0.0355511463706512	0.0402099609375
-0.0428279907876164	0.0121064171328682	0.0402392578125
0.00423369227585737	-0.0442777523491557	0.0402685546875
0.0397104079846675	0.0199791555661888	0.0402978515625
-0.0329915400246434	0.0297536449145679	0.0403271484375
-0.0157666063695542	-0.0415062819983521	0.0403564453125
0.044371977215509	0.000345638468826345	0.0403857421875
-0.0163915743891427	0.0412060785154545	0.0404150390625
-0.0324459469704363	-0.0301913268301723	0.0404443359375
0.0398728091109661	-0.0192884457787398	0.0404736328125
0.00352641800018305	0.0441256961737423	0.0405029296875
-0.0423787692259051	-0.012695610610902	0.0405322265625
0.0271732145969552	-0.0348766286343299	0.0405615234375
0.0226454740412773	0.0379416369151909	0.0405908203125
-0.0435424317502459	0.00735273533788262	0.0406201171875
0.0089202454111361	-0.0432209944145265	0.0406494140625
0.0370282248803815	0.0239614907439253	0.0406787109375
-0.035729067654444	0.0258126291663907	0.0407080078125
-0.0111040654269788	-0.0426282973832074	0.0407373046875
0.043727860735785	0.0050949379305512	0.0407666015625
-0.0205818263335262	0.0388855126680072	0.0407958984375
-0.028766436909226	-0.0332535041047368	0.0408251953125
0.0413919380613217	-0.0147518789186058	0.0408544921875
-0.00124939408290312	0.0438970933698191	0.0408837890625
-0.0404356190003548	-0.017061070163647	0.0409130859375
0.0305352968574206	-0.0314851859683869	0.0409423828125
0.0182685837256807	0.0398444514611846	0.0409716796875
-0.0437290416348017	0.00258666554140716	0.0410009765625
0.0134270345727346	-0.0416681101590481	0.0410302734375
0.0339490886450319	0.0275965770689888	0.0410595703125
-0.0379992902827484	0.0216277352317669	0.0410888671875
-0.00638373685889915	-0.0432266640841699	0.0411181640625
0.0425750614950267	0.0097082746712074	0.0411474609375
-0.0244610760488861	0.0361404257664645	0.0411767578125
-0.0248042366019352	-0.0358721466277944	0.0412060546875
0.0423954932916345	-0.0101127607544133	0.0412353515625
-0.00593386275746553	0.0431511073103008	0.0412646484375
-0.038043674803775	-0.0211539331556303	0.0412939453125
0.0334808194032837	-0.0277745276683137	0.0413232421875
0.0137453470404123	0.0412435806862479	0.0413525390625
-0.0433934705238403	-0.00213315970767273	0.0413818359375
0.0177014935580385	-0.0396456202499117	0.0414111328125
0.030516760956683	0.03084506586195	0.0414404296875
-0.0397814219551034	0.0172539921775077	0.0414697265625
-0.0016644148537014	-0.0433019719750568	0.0414990234375
0.0409354454690529	0.0141310974900253	0.0415283203125
-0.0279864385128028	0.0330109635282934	0.0415576171875
-0.020612289074785	-0.0380218636820414	0.0415869140625
0.0428790193795644	-0.00542961179574066	0.0416162109375
-0.0104708626897732	0.0419048053756477	0.0416455078125
-0.0352391834285954	-0.0249281087438364	0.0416748046875
0.035979992036314	-0.0237951273569078	0.0417041015625
0.00913357933764432	0.0421295761115612	0.0417333984375
-0.0425478794557425	-0.00674946176038472	0.0417626953125
0.0216946785988105	-0.0371856196599472	0.0417919921875
0.0267788825687996	0.0336730044622879	0.0418212890625
-0.0410611101455541	0.0127480857505196	0.0418505859375
0.00299589622130223	-0.0428614048001515	0.0418798828125
0.0388367347292112	0.0183119822382427	0.0419091796875
-0.0311200654519246	0.0295415928799476	0.0419384765625
-0.0162457361727067	-0.0396835236452798	0.0419677734375
0.0428446889774263	-0.000760730960680343	0.0419970703125
-0.0148068786878442	0.0401813489637281	0.0420263671875
-0.0320631219549883	-0.0283421476032021	0.0420556640625
0.0380090638377301	-0.0196001818631475	0.0420849609375
0.00449144256647538	0.0424996027343119	0.0421142578125
-0.0412107159346795	-0.0112070375413332	0.0421435546875
0.025361859277257	-0.0343253067733991	0.0421728515625
0.0227863202813497	0.0360522159554023	0.0422021484375
-0.0418305526706458	0.00816761226342478	0.0422314453125
0.00754071933346915	-0.0419185784789454	0.0422607421875
0.0363120893028289	0.0222032602686092	0.0422900390625
-0.0338295791681478	0.0257804844623805	0.0423193359375
-0.011761185926742	-0.0408444341925391	0.0423486328125
0.0423012049663493	0.00383655233200526	0.0423779296875
-0.0188916669911961	0.0380096310633311	0.0424072265625
-0.028560620246756	-0.0313597265558727	0.0424365234375
0.0395505652024639	-0.0152448974201899	0.0424658203125
-0.000123307520387243	0.0423574056155008	0.0424951171875
-0.0394064097591179	-0.015453448758693	0.0425244140625
0.0286630502950511	-0.0311064500261773	0.0425537109375
0.0185924771655453	0.0379606011344557	0.0425830078125
-0.0420885288202652	0.00357032645081282	0.0426123046875
0.011915816801758	-0.0404932972988363	0.0426416015625
0.033399621777632	0.0257615933445058	0.0426708984375
-0.0360884320875975	0.0217788518919895	0.0427001953125
-0.00721596657375628	-0.041498437606792	0.0427294921875
0.0412636186750435	0.00830660771610382	0.0427587890625
-0.0226788690154925	0.0354238422814811	0.0427880859375
-0.0247803340338551	-0.0339500629492552	0.0428173828125
0.0405934664971741	-0.0107857553050114	0.0428466796875
-0.00465406306990641	0.0417131913278436	0.0428759765625
-0.037164993546993	-0.0194396699021698	0.0429052734375
0.0315634775294709	-0.0275747993343121	0.0429345703125
0.0142525751837761	0.0393823592097486	0.0429638671875
-0.0418403447723921	-0.000986606923915127	0.0429931640625
0.016069867726603	-0.0386112316059818	0.0430224609375
0.0301418513103108	0.0289484878506799	0.0430517578125
-0.0378761877752537	0.0175902565821637	0.0430810546875
-0.00266737697327026	-0.0416459204273374	0.0431103515625
0.0397530669792349	0.0125962057157451	0.0431396484375
-0.0261265698487736	0.0324629713449576	0.0431689453125
-0.0207737769823808	-0.0360882537925625	0.0431982421875
0.0411332517382047	-0.00627976655947636	0.0432275390625
-0.0090460851817702	0.0405834262668933	0.0432568359375
-0.0345216532920893	-0.0231206868435907	0.0432861328125
0.0340339726862605	-0.0237794502497034	0.0433154296875
0.00982291966382444	0.0403081248447525	0.0433447265625
-0.0410976944662919	-0.00544734801518353	0.0433740234375
0.0199551022276903	-0.0363035216051137	0.0434033203125
0.026585104457835	0.0317307419580772	0.0434326171875
-0.0391787201943655	0.0132698873377086	0.0434619140625
0.0018280568242591	-0.0412937377750811	0.0434912109375
0.0377964321363399	0.0166551829021834	0.0435205078125
-0.0291977945473123	0.0291702469179392	0.0435498046875
-0.0165946206521365	-0.0377555356526297	0.0435791015625
0.0411719067925661	-0.00178372553395966	0.0436083984375
-0.0132471950529908	0.0389905548952747	0.0436376953125
-0.0315162151707228	-0.0264560385282739	0.0436669921875
0.0360512918060682	-0.019772169362014	0.0436962890625
0.00536015528790748	0.0407350201879393	0.0437255859375
-0.0398784381989665	-0.00975809391610882	0.0437548828125
0.0235278844749465	-0.0336063128180746	0.0437841796875
0.0227788709086039	0.0340808202899582	0.0438134765625
-0.0399883290586097	0.00887382422681414	0.0438427734375
0.00621530922097539	-0.0404550537977978	0.0438720703125
0.0354259291951719	0.0204370619152305	0.0439013671875
-0.031860936105503	0.0255925283141159	0.0439306640625
-0.0122979716211716	-0.0389394623534832	0.0439599609375
0.0407178227133319	0.00264652802574996	0.0439892578125
-0.0172084263779932	0.0369626420161865	0.0440185546875
-0.0281925756189023	-0.0294102950121287	0.0440478515625
0.0375983538849137	-0.0156066899361583	0.0440771484375
0.00092052332657539	0.0406666216779889	0.0441064453125
-0.0382063022669198	-0.0138677586021423	0.0441357421875
0.0267492371949028	-0.0305602296146263	0.0441650390625
0.0187751227444842	0.0359771515961582	0.0441943359375
-0.0403037702211711	0.00445829640380928	0.0442236328125
0.0104415575335638	-0.0391491007603809	0.0442529296875
0.0326786267413639	0.0238996185108892	0.0442822265625
-0.0340901098892286	0.0217796533119379	0.0443115234375
-0.00793963531980235	-0.0396339985997267	0.0443408203125
0.0397856159198576	0.00695682877790502	0.0443701171875
-0.0208846307094162	0.0345329441408923	0.0443994140625
-0.0245980824107221	-0.0319534659488982	0.0444287109375
0.0386643969215485	-0.011337987124558	0.0444580078125
-0.00344087020369209	0.0401128425056475	0.0444873046875
-0.0361105039870295	-0.017728612103838	0.0445166015625
0.0295853011209593	-0.0272097940083732	0.0445458984375
0.0146276063051352	0.0374043459591856	0.0445751953125
-0.0401302011533011	7.89435927922908e-05	0.0446044921875
0.0144568502410677	-0.0374008603514892	0.0446337890625
0.0295959075818428	0.0270053885168591	0.0446630859375
-0.0358654302930812	0.0177837518098147	0.0446923828125
-0.00357537624889997	-0.0398395287447963	0.0447216796875
0.0383958680061609	0.0110953781709342	0.0447509765625
-0.0242350281215589	0.0317394159179085	0.0447802734375
-0.0207828750726986	-0.0340613345616657	0.0448095703125
0.0392450497862117	-0.0070215423248385	0.0448388671875
-0.00767076596139083	0.0390897327085534	0.0448681640625
-0.033625307383391	-0.021296870773382	0.0448974609375
0.0320077237266584	-0.0236027975946683	0.0449267578125
0.0103911160462447	0.0383533291155798	0.0449560546875
-0.0394790426664591	-0.0042099091365705	0.0449853515625
0.0182147324679239	-0.0352406717752406	0.0450146484375
0.0262228767282039	0.0297221083838601	0.0450439453125
-0.0371732064115739	0.0136585344671195	0.0450732421875
0.000739815729182494	-0.0395627810296814	0.0451025390625
0.036574788995697	0.0150134005085731	0.0451318359375
-0.0272236962647209	0.0286241584116976	0.0451611328125
-0.0167991934699367	-0.0357157131164808	0.0451904296875
0.0393423194075855	-0.00271260635630278	0.0452197265625
-0.011718433082193	0.0376191999390038	0.0452490234375
-0.0307895157095125	-0.0245332311783901	0.0452783203125
0.0339939725237584	-0.0197896350861989	0.0453076171875
0.00612075998364786	0.0388213925627619	0.0453369140625
-0.0383677591193814	-0.00835595388518743	0.0453662109375
0.0216728207375179	-0.0327037721329614	0.0453955078125
0.0226077246959758	0.032023083911039	0.0454248046875
-0.0380060545802953	0.00945856576789249	0.0454541015625
0.00495244345637043	-0.0388166687183106	0.0454833984375
0.0343538088428721	0.0186657542944009	0.0455126953125
-0.0298199917229494	0.0252328167519387	0.0455419921875
-0.0127006637761787	-0.0369046169581332	0.0455712890625
0.0389644938789186	0.00153452889070046	0.0456005859375
-0.01553631258605	0.0357286549669318	0.0456298828125
-0.0276459077732789	-0.0274033409214268	0.0456591796875
0.035527569206361	-0.0158226083717293	0.0456884765625
0.00187122638655502	0.0388121592252696	0.0457177734375
-0.036819560404579	-0.0123095706438826	0.0457470703125
0.0247933197269621	-0.0298297754606334	0.0457763671875
0.0188010546895419	0.0338874826795123	0.0458056640625
-0.0383629267344307	0.00523853111344668	0.0458349609375
0.00901119557149988	-0.0376200506336809	0.0458642578125
0.0317691028997141	0.0220114910692762	0.0458935546875
-0.0319988984967761	0.0216139353048355	0.0459228515625
-0.00854157130507081	-0.0376223552375228	0.0459521484375
0.0381259631796718	0.00566724082741183	0.0459814453125
-0.019080614148244	0.0334505869467374	0.0460107421875
-0.0242406257418133	-0.0298782005276224	0.0460400390625
0.0365982419710305	-0.0117552103727528	0.0460693359375
-0.00230393866764266	0.0383354655565058	0.0460986328125
-0.0348630300178908	-0.0160244575794846	0.0461279296875
0.0275434745348971	-0.0266620975657115	0.0461572265625
0.0148551826818698	0.0353005467414534	0.0461865234375
-0.0382490546369373	0.00105250758823776	0.0462158203125
0.0128676056587205	-0.0359974146422498	0.0462451171875
0.0288610579064904	0.0250143546726776	0.0462744140625
-0.0337412994021224	0.017818279043521	0.0463037109375
-0.00437612981150699	-0.0378695375588302	0.0463330078125
0.0368469602787942	0.00963525932584972	0.0463623046875
-0.0223118586321815	0.0308220743760669	0.0463916015625
-0.0206225227050582	-0.0319344914713648	0.0464208984375
0.0372019944213182	-0.00764139820365431	0.0464501953125
-0.00635303344479265	0.0374071620420672	0.0464794921875
-0.032531684464602	-0.0194582128119581	0.0465087890625
0.0298959528441095	-0.0232473344884235	0.0465380859375
0.0108234197176212	0.0362537231689421	0.0465673828125
-0.0376758111276039	-0.00304675203744007	0.0465966796875
0.0164766689630499	-0.033978488628473	0.0466259765625
0.0256736858194135	0.0276432146632434	0.0466552734375
-0.0350341672029035	0.0138981302028815	0.0466845703125
-0.00025775688378623	-0.0376529968764436	0.0467138671875
0.0351532264179553	0.0133913138203157	0.0467431640625
-0.0251953595227828	0.0278842384935962	0.0467724609375
-0.0168424787765373	-0.0335548263938585	0.0468017578125
0.0373410905647786	-0.00353486524345493	0.0468310546875
-0.0102268732797422	0.0360488351317903	0.0468603515625
-0.0298634701363057	-0.0225728602712556	0.0468896484375
0.0318291523007812	-0.0196346029900355	0.0469189453125
0.0067593459675475	0.0367447111513323	0.0469482421875
-0.0366604906285364	-0.00700851271713768	0.0469775390625
0.0197974087673369	-0.0315977844356836	0.0470068359375
0.0222539934439957	0.0298724285226269	0.0470361328125
-0.0358706733585703	0.00990656959465531	0.0470654296875
0.00376163506765554	-0.0369856300692734	0.0470947265625
0.0330756053530522	0.0168917360147233	0.0471240234375
-0.0277016372249618	0.0246816465934383	0.0471533203125
-0.012952694885526	-0.0347279186036292	0.0471826171875
0.0370239565130294	0.000511678293877909	0.0472119140625
-0.013879425165497	0.0342874546479321	0.0472412109375
-0.0269002045890476	-0.0253353129883126	0.0472705078125
0.0333274294302441	-0.0158748519393553	0.0472998046875
0.00271608613234224	0.0367774254320263	0.0473291015625
-0.0352260121934119	-0.0107847189293275	0.0473583984375
0.0227933852220179	-0.028894081108254	0.0473876953125
0.0186513163936702	0.0316821282219767	0.0474169921875
-0.0362502133590434	0.00589675212481645	0.0474462890625
0.00763232296465695	-0.0358861586973895	0.0474755859375
0.0306495722486916	0.0200970104727763	0.0475048828125
-0.029806761099504	0.0212616733629683	0.0475341796875
-0.00900597367668038	-0.0354486690218893	0.0475634765625
0.0362650005893336	0.00444720685176991	0.0475927734375
-0.0172683960310295	0.0321549516819235	0.0476220703125
-0.0236869698602313	-0.0277177680198558	0.0476513671875
0.0343812474588664	-0.0120201538147901	0.0476806640625
-0.00125440425822355	0.0363618769771195	0.0477099609375
-0.0334005493956295	-0.0143306163015333	0.0477392578125
0.0254331402003391	-0.0259098545464311	0.0477685546875
0.0149166263310766	0.033058427744045	0.0477978515625
-0.0361783487230845	0.00192118609411698	0.0478271484375
0.0113074234559111	-0.0343788134879668	0.0478564453125
0.0279147037595238	0.0229722660869648	0.0478857421875
-0.0314926150794932	0.0176738288747509	0.0479150390625
-0.00505499706526452	-0.035718169832486	0.0479443359375
0.0350843546182151	0.00822305392143063	0.0479736328125
-0.020355767173558	0.0296877328907552	0.0480029296875
-0.020271466064272	-0.0296980281340991	0.0480322265625
0.034987241489303	-0.00812298577099786	0.0480615234375
-0.00510203228726611	0.0355139728587289	0.0480908203125
-0.031217092300427	-0.0176053250514691	0.0481201171875
0.0276905726231624	-0.0226906613662823	0.0481494140625
0.0111018207672538	0.0339935492123519	0.0481787109375
-0.0356666668370074	-0.00196897422224317	0.0482080078125
0.0147435011347312	-0.0324929470927995	0.0482373046875
0.0249140965864942	0.0254877022284417	0.0482666015625
-0.0327470837389546	0.0139690622701948	0.0482958984375
-0.00115161000408295	-0.0355436252006914	0.0483251953125
0.0335075402044626	0.01179355055678	0.0483544921875
-0.0231082680550653	0.0269261379230434	0.0483837890625
-0.0167033340029368	-0.0312597463712451	0.0484130859375
0.0351482005804228	-0.00423550981648816	0.0484423828125
-0.0087792317735009	0.0342552383985216	0.0484716796875
-0.0287129476466364	-0.0205723579087411	0.0485009765625
0.0295452396424257	-0.0192844853328555	0.0485302734375
0.00725900489138279	0.0344858663665602	0.0485595703125
-0.0347325608969594	-0.00572461343450327	0.0485888671875
0.0179011267509358	-0.0302625805945026	0.0486181640625
0.0216937424505445	0.0276189442742451	0.0486474609375
-0.033564156753086	0.0101990504615622	0.0486767578125
0.002653880099104	-0.0349381905255243	0.0487060546875
0.031565064791009	0.0151166197550554	0.0487353515625
-0.025497783503151	0.0239138474360247	0.0487646484375
-0.0130334559035469	-0.0323925906350674	0.0487939453125
0.0348729673883706	-0.000408861627396958	0.0488232421875
-0.0122415894393193	0.0326124656403968	0.0488525390625
-0.0259291841625763	-0.0232000759490682	0.0488818359375
0.0309825800741924	-0.0157410552042816	0.0489111328125
0.00343977497167298	0.0345398652305871	0.0489404296875
-0.033398933274126	-0.00929930839065241	0.0489697265625
0.020745378287187	-0.0277258901010019	0.0489990234375
0.0183018679791935	0.0293473241677512	0.0490283203125
-0.0339439507867902	0.00641548134349027	0.0490576171875
0.00631337912323957	-0.0339207327731431	0.0490869140625
0.0292919532058026	0.0181543190599944	0.0491162109375
-0.0275016892707986	0.0206972497956599	0.0491455078125
-0.00931324365755234	-0.033092326550445	0.0491748046875
0.034176257126525	0.003307542629934	0.0492041015625
-0.0154484250305928	0.0306172931914062	0.0492333984375
-0.0229100306496567	-0.0254620766273999	0.0492626953125
0.0319940575308706	-0.0121111431706004	0.0492919921875
-0.000305487186372904	0.0341660229291072	0.0493212890625
-0.031693826636471	-0.0126499415319893	0.0493505859375
0.023246278562609	-0.0249246405473249	0.0493798828125
0.0147882484395403	0.0306600826923016	0.0494091796875
-0.0338926489607922	0.00266934104221426	0.0494384765625
0.00978164830875524	-0.0325155154887631	0.0494677734375
0.0267272212520476	0.0208733244746381	0.0494970703125
-0.0291031118900781	0.017324775078555	0.0495263671875
-0.00559392406384723	-0.03336081792901	0.0495556640625
0.0330783986814516	0.00686667237441404	0.0495849609375
-0.0183633179429408	0.0283057233760463	0.0496142578125
-0.0197022350745991	-0.0273375092328185	0.0496435546875
0.0325772217915027	-0.00844585330189213	0.0496728515625
-0.00392829942548518	0.0333806067098914	0.0497021484375
-0.0296499881198695	-0.0157372663325439	0.0497314453125
0.025379163905583	-0.0219035745119994	0.0497607421875
0.0112035045716429	0.0315504912080288	0.0497900390625
-0.0334223591581173	-0.00098978535669811	0.0498193359375
0.0130169043297973	-0.030751813091157	0.0498486328125
0.0239132986592958	0.0232453495848122	0.0498779296875
-0.030291109796527	0.013846205405599	0.0499072265625
-0.00192583058896028	-0.0332059453037952	0.0499365234375
0.0316050017678911	0.010224512885735	0.0499658203125
-0.0209545736635733	0.0257175834787412	0.0499951171875
-0.0163543934132921	-0.0288113139892442	0.0500244140625
0.032735688067405	-0.00479590952153526	0.0500537109375
-0.0073827350729352	0.0322053963070774	0.0500830078125
-0.0273043727351677	-0.0185264175826357	0.0501123046875
0.0271249793981954	-0.018709764439858	0.0501416015625
0.00759839197744863	0.0320178917065303	0.0501708984375
-0.0325508935375735	-0.00451439037882264	0.0502001953125
0.0159813696273837	-0.0286634600043123	0.0502294921875
0.0208954093791365	0.0252474947044142	0.0502587890625
-0.0310607737868584	0.0103119709320878	0.0502880859375
0.00164228896375447	-0.0326414441141911	0.0503173828125
0.0297865550067176	0.013340651606127	0.0503466796875
-0.0231956241825349	0.0228959385952411	0.0503759765625
-0.0129162573756337	-0.0298743820872875	0.0504052734375
0.0324790349487147	-0.00121095259761256	0.0504345703125
-0.0106260408675115	0.0306673338254948	0.0504638671875
-0.0246975930146712	-0.0209873600588336	0.0504931640625
0.0284704972168466	-0.0153919371439828	0.0505224609375
0.00402309259175008	0.0320676551694157	0.0505517578125
-0.0313014727010084	-0.00785968914449929	0.0505810546875
0.0186417659779948	-0.026288341064849	0.0506103515625
0.0177209177772038	0.0268625218335879	0.0506396484375
-0.03141324599479	0.00677244099196842	0.0506689453125
0.00506393973081784	-0.0316866652316119	0.0506982421875
0.0276579607553481	0.0161788129205503	0.0507275390625
-0.0250653574611489	0.0198864642648847	0.0507568359375
-0.00943803041238841	-0.0305236350372288	0.0507861328125
0.0318226229468276	0.0022611445019693	0.0508154296875
-0.0136192089663337	0.0287981063251725	0.0508447265625
-0.0218733226354235	-0.0230952699955504	0.0508740234375
0.0294084556773975	-0.0119997798243789	0.0509033203125
0.000526517715763389	0.0317110593567381	0.0509326171875
-0.0297023590083109	-0.0109842243434745	0.0509619140625
0.0209697450809813	-0.0236678304532976	0.0509912109375
0.0144386497356285	0.0280790522697341	0.0510205078125
-0.0313556577162086	0.00327721994258447	0.0510498046875
0.00829551323365849	-0.0303662616032663	0.0510791015625
0.0252580133996521	0.0187073346112359	0.0511083984375
-0.0265483720517781	0.016736787610718	0.0511376953125
-0.00596966155434849	-0.0307620228757936	0.0511669921875
0.030787336668066	0.00557493382167919	0.0511962890625
-0.0163274956796435	0.0266336672313639	0.0512255859375
-0.0188776623982901	-0.0248308447349879	0.0512548828125
0.0299376177203078	-0.00858323709406444	0.0512841796875
-0.00284436808528447	0.0309650882973903	0.0513134765625
-0.0277864245384844	-0.0138504233549973	0.0513427734375
0.0229422508515365	-0.0208461871255328	0.0513720703125
0.0110981980290564	0.0288916848204401	0.0514013671875
-0.0309009875747021	-0.000125542814912063	0.0514306640625
0.0112968787048782	-0.0287098058481461	0.0514599609375
0.0226288286263398	0.0208995800177337	0.0514892578125
-0.0276351540417815	0.0134958061633263	0.0515185546875
-0.00256014666585187	-0.03059844192667	0.0515478515625
0.0293992547547085	0.00868801352000797	0.0515771484375
-0.0187208803525173	0.024213703579475	0.0516064453125
-0.015758477491151	-0.0261805369675055	0.0516357421875
0.0300627487388785	-0.00519180863798044	0.0516650390625
-0.00604519321120379	0.0298521568905852	0.0516943359375
-0.0255906601510074	-0.0164251003562632	0.0517236328125
0.0245418090956244	-0.0178699153628272	0.0517529296875
0.00774922158320978	0.0293010337204037	0.0517822265625
-0.0300678426861378	-0.00338981935905971	0.0518115234375
0.0140319246094302	-0.0267513446593317	0.0518408203125
0.0198152319283119	0.0227342808679365	0.0518701171875
-0.0283221746284821	0.0102129938941987	0.0518994140625
0.000743153391542314	-0.030047574002009	0.0519287109375
0.0276892528071189	0.0115616046957007	0.0519580078125
-0.0207744586746365	0.0215810569274274	0.0519873046875
-0.0125647154168477	-0.027136711082623	0.0520166015625
0.0297945148508846	-0.00187385715406876	0.0520458984375
-0.00903478678609934	0.0283997651556259	0.0520751953125
-0.0231556330052468	-0.0186798970556338	0.0521044921875
0.0257567413094628	-0.014787099617713	0.0521337890625
0.00444074835604507	0.0293136865562022	0.0521630859375
-0.0288801666496006	-0.00647233734015388	0.0521923828125
0.0164690433862441	-0.0245288968475584	0.0522216796875
0.016864115255196	0.0241958067632501	0.0522509765625
-0.0286119078231798	0.00693770423253202	0.0522802734375
0.00389516838851394	-0.0291296501343003	0.0523095703125
0.0256925455525635	0.0141610763912454	0.0523388671875
-0.0224687656631628	0.0187811065248286	0.0523681640625
-0.00934571433079246	-0.0276977203204593	0.0523974609375
0.0291493039397164	0.00132406385779013	0.0524267578125
-0.0117757398742807	0.0266400877820492	0.0524560546875
-0.0205249007510252	-0.0205916565754517	0.0524853515625
0.0265813004881133	-0.0116467233094294	0.0525146484375
0.00122049161961191	0.0289420837398323	0.0525439453125
-0.0273668793634388	-0.00933317308322605	0.0525732421875
0.0185815532450889	-0.0220839028067525	0.0526025390625
0.0138237713145947	0.0252743583991735	0.0526318359375
-0.0285127690242951	0.00371847999476059	0.0526611328125
0.00685373915292117	-0.027870143145853	0.0526904296875
0.0234481755570898	0.016456411948512	0.0527197265625
-0.0237900246050618	0.0158611240358504	0.0527490234375
-0.00615051181461591	-0.0278679046469127	0.0527783203125
0.0281489730463726	0.004357853073825	0.0528076171875
-0.0142349126954221	0.0246095057428161	0.0528369140625
-0.0177443914179173	-0.0221427259911578	0.0528662109375
0.0270157280375685	-0.00849798163435803	0.0528955078125
-0.00186581063302774	0.0282043223544133	0.0529248046875
-0.0255614548459735	-0.0119362956509	0.0529541015625
0.0203480517556075	-0.0194606341048857	0.0529833984375
0.0107432155668358	0.0259660827809768	0.0530126953125
-0.0280389764938952	0.000602380242025883	0.0530419921875
0.00958019418303181	-0.0262993946063397	0.0530712890625
0.0209984568020938	0.0184226107005706	0.0531005859375
-0.0247303193764044	0.0128696097792845	0.0531298828125
-0.00302716433475317	-0.0276575105720397	0.0531591796875
0.0268205269883194	0.0071864659624339	0.0531884765625
-0.0163838810925793	0.0223480878533073	0.0532177734375
-0.0148617588299499	-0.0233211840954976	0.0532470703125
0.0270662321692962	-0.00538959882184465	0.0532763671875
-0.0047750235477902	0.0271238885297434	0.0533056640625
-0.0235014444506346	-0.0142500544044254	0.0533349609375
0.0217526969507879	-0.0167055728272997	0.0533642578125
0.00767150647293677	0.0262731099466477	0.0533935546875
-0.0272103391347566	-0.00236566588989811	0.0534228515625
0.0120398742952631	-0.02445218301849	0.0534521484375
0.0183883824943617	0.0200400198734214	0.0534814453125
-0.0252876887626176	0.00985562111629163	0.0535107421875
-2.20878286735096e-05	-0.0270825355037854	0.0535400390625
0.0251957344394385	0.00977247221907363	0.0535693359375
-0.0181993162760692	0.0198990313260319	0.0535986328125
-0.0119257241891732	-0.02412099210224	0.0536279296875
0.0267448895218498	-0.00236916062870189	0.0536572265625
-0.00746720107353574	0.0257293239188703	0.0536865234375
-0.0212279541413385	-0.0162476032425845	0.0537158203125
0.0227854127233357	-0.0138667712726916	0.0537451171875
0.00465707509178381	0.0262035120513318	0.0537744140625
-0.0260519754165393	-0.00514346830941662	0.0538037109375
0.0142025976425913	-0.022367241449539	0.0538330078125
0.0156650076020585	0.0212945925196601	0.0538623046875
-0.0254661426963083	0.00686810433817166	0.0538916015625
0.0028205699192198	-0.0261645007027385	0.0539208984375
0.0233106891717072	0.012082557514167	0.0539501953125
-0.0196632926869303	0.0173080716397795	0.0539794921875
-0.00898541538307315	-0.0245420662210013	0.0540087890625
0.0260694732266761	0.000517526709438117	0.0540380859375
-0.00990612008995929	0.0240538333861754	0.0540673828125
-0.0187850859052278	-0.0179072553542199	0.0540966796875
0.0234420164142236	-0.0109932037000582	0.0541259765625
0.00174707576681426	0.0257711871122503	0.0541552734375
-0.0245939698934326	-0.00769213786477305	0.0541845703125
0.016043057909296	-0.0200867343661205	0.0542138671875
0.0128768178997627	0.0221780682942645	0.0542431640625
-0.0252756017202954	0.00395524227633852	0.0542724609375
0.00545951411202999	-0.0249301585260331	0.0543017578125
0.0212053258141417	0.0140879613024731	0.0543310546875
-0.0207635196424965	0.0146228735225695	0.0543603515625
-0.00608971668054075	-0.0245902723367574	0.0543896484375
0.0250632122587967	0.00322703925381094	0.0544189453125
-0.0120597536587677	0.0221348427683863	0.0544482421875
-0.0162193550397016	-0.0192127629400327	0.0544775390625
0.0237242676610827	-0.00813412318739788	0.0545068359375
-0.00101322947546728	0.0249956713029958	0.0545361328125
-0.0228709755762574	-0.00997659056034336	0.0545654296875
0.01754114885787	-0.0176557052623764	0.0545947265625
0.0100730989192514	0.0226880748778389	0.0546240234375
-0.0247317624949647	0.001163831049566	0.0546533203125
0.00785683338381176	-0.0234111415079306	0.0546826171875
0.0189229014695943	0.0157648425171215	0.0547119140625
-0.0214934931966577	0.0118924167140813	0.0547412109375
-0.0032866429978901	-0.0242773444133681	0.0547705078125
0.0237544887694752	0.00571888708690156	0.0547998046875
-0.0139006737913818	0.0200135176816733	0.0548291015625
-0.0135790971677369	-0.0201535168390446	0.0548583984375
0.0236398387785523	-0.00533843851760225	0.0548876953125
-0.00358103883574588	0.0239018854891187	0.0549169921875
-0.0209217726270542	-0.0119659829684835	0.0549462890625
0.0186822085363623	-0.0151215090196853	0.0549755859375
0.00730332041281097	0.0228281488021031	0.0550048828125
-0.0238558938585633	-0.00146129885133912	0.0550341796875
0.00997846312140655	-0.0216435630750979	0.0550634765625
0.0165094570900092	0.0170945646787931	0.0550927734375
-0.0218525652628963	0.00916639274167663	0.0551220703125
-0.000622755172368212	-0.0236207297377714	0.0551513671875
0.0221764823339739	0.00795600056010951	0.0551806640625
-0.0154063733217248	0.0177342570848449	0.0552099609375
-0.0109138817562558	-0.0207246611874507	0.0552392578125
0.0232022081548174	-0.00265412876389722	0.0552685546875
-0.00591651474632938	0.0225198238409669	0.0552978515625
-0.0187887967047872	-0.01363406631057	0.0553271484375
0.0194571761061566	-0.0125332462011326	0.0553564453125
0.00461655521632303	0.0226076752514367	0.0553857421875
-0.0226745699017311	-0.00387779905011978	0.0554150390625
0.0117945668303794	-0.0196675826103098	0.0554443359375
0.0140132760846405	0.0180638909418643	0.0554736328125
-0.0218459273393129	0.00649463276790109	0.0555029296875
0.00185736371401529	-0.022643365762294	0.0555322265625
0.0203667729231365	0.00990513371951803	0.0555615234375
-0.01655949466329	0.0153441791399803	0.0555908203125
-0.00827395328394285	-0.0209271178403501	0.0556201171875
0.0224304793240394	-0.000127717634918265	0.0556494140625
-0.00798320390828739	0.0208841950694065	0.0556787109375
-0.016517654303853	-0.0149594439021257	0.0557080078125
0.0198626529857504	-0.00994122138071831	0.0557373046875
0.00206095662327898	0.0220417469354481	0.0557666015625
-0.0212193488990623	-0.00604623435305381	0.0557958984375
0.0132798167876337	-0.0175269516576075	0.0558251953125
0.0114843630206695	0.0186650772429685	0.0558544921875
-0.0214845058137277	0.00392659266513702	0.0558837890625
0.00411154483512302	-0.0213733951447708	0.0559130859375
0.0183669183961157	0.0115371622979887	0.0559423828125
-0.0173479495248575	0.0128926227061408	0.0559716796875
-0.00570972819665591	-0.0207675137646912	0.0560009765625
0.0213491294129062	0.00219616297891658	0.0560302734375
-0.00974834646149325	0.0190340305149635	0.0560595703125
-0.014156648502225	-0.0159257113124481	0.0560888671875
0.0199008569786286	-0.00739645548695466	0.0561181640625
-0.000316672818944886	0.0211509420262468	0.0561474609375
-0.019526410035387	-0.00793039676218403	0.0561767578125
0.0144135478900146	-0.0152685642313878	0.0562060546875
0.00897397398000829	0.0188958467830411	0.0562353515625
-0.0207847641633393	0.0015109317916088	0.0562646484375
0.00610034611604455	-0.0198438277158848	0.0562939453125
0.0162220283005624	0.0128272439480963	0.0563232421875
-0.0177649063295491	0.0104306972112011	0.0563525390625
-0.00327138768742336	-0.0202580008617684	0.0563818359375
0.0199876913314227	0.00427507778294799	0.0564111328125
-0.0111830348573212	0.0170122787441985	0.0564404296875
-0.0117563484412303	-0.0165214482804887	0.0564697265625
0.0195794515706727	-0.00495029562758702	0.0564990234375
-0.00247117256677889	0.0199610197332852	0.0565283203125
-0.0176361641944002	-0.00949745495279446	0.0565576171875
0.0151797446417744	-0.0129420442548217	0.0565869140625
0.00653424514680178	0.0187592190520289	0.0566162109375
-0.0197684030342319	-0.000704759632905209	0.0566455078125
0.00778718419392603	-0.0180921606217609	0.0566748046875
0.0139803654862827	0.0137547899605789	0.0567041015625
-0.017808607539104	0.00801092998658971	0.0567333984375
-0.0010086277620053	-0.0194159493947116	0.0567626953125
0.0183803738248196	0.00606889458096169	0.0567919921875
-0.0122621591710003	0.014865414953538	0.0568212890625
-0.00936925315977884	-0.0167400111645991	0.0568505859375
0.0189112190159213	-0.00265419037902804	0.0568798828125
-0.00435909771516748	0.0185025277842099	0.0569091796875
-0.0155928616101545	-0.0107178614260593	0.0569384765625
0.0155667937700887	-0.0105994207998927	0.0569677734375
0.00421799375003213	0.0182631460739003	0.0569970703125
-0.0184619391384586	-0.00267399488486299	0.0570263671875
0.00913819130349146	-0.016159970856655	0.0570556640625
0.0116930240534431	0.0143031613026527	0.0570849609375
-0.0174819494567839	0.00568709044395598	0.0571142578125
0.00102933104819817	-0.0182634781810561	0.0571435546875
0.0165656208912082	0.00753957881456971	0.0571728515625
-0.0129640280956275	0.0126431083863897	0.0572021484375
-0.00704963278854486	-0.0165790332947671	0.0572314453125
0.017913516925039	-0.000559745936115463	0.0572607421875
-0.00593843968199288	0.0168103051239576	0.0572900390625
-0.0134442297963623	-0.0115648784198808	0.0573193359375
0.0155668784014996	-0.00829497506747149	0.0573486328125
0.00207881950363767	0.0174198649319563	0.0573779296875
-0.0168961208290818	-0.00435102738796982	0.0574072265625
0.0101216247815952	-0.0140924975499062	0.0574365234375
0.00941376429687758	0.0144589258789958	0.0574658203125
-0.0167916937590089	0.00351433070431686	0.0574951171875
0.00279328853041026	-0.0168267443657985	0.0575244140625
0.0145856031958416	0.00865046453874872	0.0575537109375
-0.0132694542797094	0.0103980187720673	0.0575830078125
-0.00485369537177496	-0.0160394510452408	0.0576123046875
0.0166073934659578	0.00128072306798113	0.0576416015625
-0.00716773651644892	0.0149228357439973	0.0576708984375
-0.0112411936600605	-0.0120134518768074	0.0577001953125
0.0151747654400183	-0.00608541088290687	0.0577294921875
0.000171748904562117	0.0162447772637058	0.0577587890625
-0.0151050830420879	-0.00568977943085169	0.0577880859375
0.0107064857762722	-0.0119382329946819	0.0578173828125
0.0071991512469465	0.0142103437838556	0.0578466796875
-0.0157470349385569	0.00154991212035367	0.0578759765625
0.00423279410070981	-0.0151348195307824	0.0579052734375
0.0124856074990011	0.00936456982924896	0.0579345703125
-0.0131598621968444	0.00818584923083286	0.0579638671875
-0.00284037097559897	-0.0151236640646681	0.0579931640625
0.015016080710099	0.00281271165676106	0.0580224609375
-0.00800403359522125	0.0128813377055885	0.0580517578125
-0.00903776414290848	-0.0120378530346899	0.0580810546875
0.01438544001947	-0.00403065214684742	0.0581103515625
-0.00144507029208825	0.0147544248079967	0.0581396484375
-0.0131250018511107	-0.00664139500705422	0.0581689453125
0.0108595900727152	-0.00974853372244674	0.0581982421875
0.00510929254844554	0.0135443281258036	0.0582275390625
-0.0143568823042957	-0.000144903594882767	0.0582568359375
0.00529323996206788	-0.0132177279616271	0.0582861328125
0.0103132082635845	0.00964097483007692	0.0583154296875
-0.012613390617273	0.00606590961713059	0.0583447265625
-0.00107335572731869	-0.0138318941291796	0.0583740234375
0.0131621693696379	0.00397611292099338	0.0584033203125
-0.00839842774461441	0.0107282645398765	0.0584326171875
-0.00689124997605862	-0.0116066910838678	0.0584619140625
0.0131892395215761	-0.00219595170879837	0.0584912109375
-0.00270642392369745	0.0129624625327275	0.0585205078125
-0.0109915961185399	-0.00714878911582244	0.0585498046875
0.0105391998704788	-0.00757721097900871	0.0585791015625
0.00320985357208926	0.0124399546878995	0.0586083984375
-0.0126241653037936	-0.00150037955894819	0.0586376953125
0.00590923663521427	-0.0111024749520481	0.0586669921875
0.00811682700579615	0.00942670513219869	0.0586962890625
-0.011596243519528	0.00410276644876449	0.0587255859375
0.000373948961443735	-0.0121541724466797	0.0587548828125
0.011061476122029	0.00469722944611969	0.0587841796875
-0.00828573620303366	0.00850420779414524	0.0588134765625
-0.00486308832693635	-0.0106713816400436	0.0588427734375
0.0115606026258947	-0.000657117985001567	0.0588720703125
-0.00353049402862859	0.0108703521266386	0.0589013671875
-0.00873440781460416	-0.00713350918419208	0.0589306640625
0.00967961479358817	-0.00547978682945087	0.0589599609375
0.00157719204648655	0.0108526461279684	0.0589892578125
-0.010531832730144	-0.0024270768308479	0.0590185546875
0.00598791035100045	-0.00880319007413495	0.0590478515625
0.00594214984628472	0.00863605162663411	0.0590771484375
-0.0100403525376356	0.00237053653007952	0.0591064453125
0.00140550685176241	-0.0100493057682201	0.0591357421875
0.00870661659829005	0.00486754354302346	0.0591650390625
-0.00755654812259982	0.00623932475426862	0.0591943359375
-0.00302085827056063	-0.00913431616484555	0.0592236328125
0.00942629059621317	0.000485148476163958	0.0592529296875
-0.00379188867764175	0.00844033139448871	0.0592822265625
-0.00635947616359871	-0.00645757310818143	0.0593115234375
0.00814516774197048	-0.00351045397274354	0.0593408203125
0.000313093475072431	0.00866551542716209	0.0593701171875
-0.00799824703487566	-0.00278166378284293	0.0593994140625
0.00535602140162614	-0.00628819139756342	0.0594287109375
0.00381854561335363	0.00708265602492644	0.0594580078125
-0.0077671533357195	0.000965354896378544	0.0594873046875
0.00185959162383919	-0.00736994283852797	0.0595166015625
0.00600522622577895	0.0042688683802797	0.0595458984375
-0.00595374225601359	0.00391778721045901	0.0595751953125
-0.00144175648468752	-0.00672501667723679	0.0596044921875
0.00653485597052215	0.00105207390129512	0.0596337890625
-0.00321229082649525	0.0054769849425121	0.0596630859375
-0.0037659053179749	-0.0047578767640622	0.0596923828125
0.00551678118093604	-0.00169885276151874	0.0597216796875
-0.000393314976590734	0.0054466598165082	0.0597509765625
-0.00463519282710201	-0.00219861210615106	0.0597802734375
0.0034717998339638	-0.00328053424719322	0.0598095703125
0.00165547512540957	0.00407054981862229	0.0598388671875
-0.00397481567621205	6.14176336442938e-05	0.0598681640625
0.00121995520839622	-0.003287230221656	0.0598974609375
0.00221603190078274	0.00196796867268853	0.0599267578125
-0.00204305063998653	0.00104759266509455	0.0599560546875
-0.000136294444121139	-0.00131871973814777	0.0599853515625
